player,latest_team,position,total_minutes,impact90,impact90_lo,impact90_hi,rapm_xg,rapm_xg_lo,rapm_xg_hi,finishing_per90,shots,rapm_goals,rapm_goals_lo,rapm_goals_hi,naive_gd90,naive_xgd90
Bruno Guimarães,Newcastle United,MID,9133,0.3353,0.2009,0.4386,0.328,0.1937,0.4314,0.0072,135.0,0.1894,0.0932,0.2806,1.4247,1.7207
Rodri,Manchester City,MID,4564,0.2445,0.1287,0.3589,0.2354,0.1196,0.3499,0.009,79.0,0.2507,0.1449,0.3516,0.5549,0.4542
Kevin Schade,Brentford,FWD,5445,0.2394,0.1143,0.3555,0.2421,0.1169,0.3582,-0.0026,120.0,0.1553,0.0255,0.2794,0.8173,0.8581
Jacob Murphy,Newcastle United,FWD,5314,0.2392,0.1049,0.3782,0.2358,0.1015,0.3748,0.0034,115.0,0.2016,0.0842,0.3297,0.7462,0.5791
Trent Alexander-Arnold,Liverpool,DEF,4617,0.2189,0.1052,0.3505,0.2141,0.1004,0.3457,0.0048,92.0,0.1835,0.0929,0.2814,0.8224,0.8179
William Saliba,Arsenal,DEF,9139,0.2149,0.1346,0.2929,0.2152,0.1349,0.2932,-0.0004,21.0,0.2633,0.1914,0.3435,1.0474,0.7307
Rúben Dias,Manchester City,DEF,7012,0.2115,0.0973,0.3343,0.2132,0.099,0.336,-0.0017,51.0,0.188,0.0605,0.3028,0.3772,0.4647
Callum Wilson,West Ham,FWD,2537,0.1982,0.048,0.3367,0.2035,0.0534,0.342,-0.0054,79.0,0.089,-0.0806,0.2514,0.4707,0.675
Kaoru Mitoma,Brighton,FWD,5854,0.1949,0.0744,0.3139,0.2009,0.0804,0.3199,-0.006,123.0,0.1464,-0.0092,0.2861,0.5884,0.3703
Beto,Everton,FWD,4008,0.1905,0.0464,0.3124,0.2079,0.0637,0.3297,-0.0173,135.0,0.0269,-0.1169,0.1697,0.1907,0.4855
Dejan Kulusevski,Tottenham,FWD,5214,0.1872,0.0495,0.3008,0.18,0.0423,0.2935,0.0072,104.0,0.1106,-0.0137,0.2264,0.678,0.484
David Raya,Arsenal,GK,9696,0.1868,0.1085,0.2662,0.1868,0.1085,0.2662,0.0,,0.2222,0.1634,0.282,0.2532,0.0169
Bukayo Saka,Arsenal,FWD,7024,0.184,0.0702,0.3158,0.1994,0.0856,0.3312,-0.0154,245.0,0.1428,0.0338,0.2621,0.2859,0.4639
Alisson,Liverpool,GK,7430,0.1836,0.0823,0.2846,0.1836,0.0823,0.2846,0.0,,0.1249,0.0266,0.213,0.2646,0.4578
Jéremy Doku,Manchester City,FWD,4943,0.183,0.0152,0.3415,0.1791,0.0113,0.3376,0.0039,124.0,0.1992,0.0569,0.3251,0.4841,0.4903
Alexis Mac Allister,Liverpool,MID,8012,0.1815,0.0405,0.3228,0.1807,0.0397,0.322,0.0008,134.0,0.1127,-0.0192,0.2284,0.026,0.3256
Amad Diallo Traore,Manchester United,MID,4631,0.1793,0.0564,0.2834,0.1794,0.0565,0.2835,-0.0001,111.0,0.1514,0.0248,0.269,0.7189,0.704
Ismaila Sarr,Crystal Palace,MID,4946,0.1724,0.0562,0.2907,0.1826,0.0663,0.3009,-0.0102,107.0,0.0827,-0.0308,0.1836,0.3926,0.5465
Ederson,Manchester City,GK,5155,0.1699,0.0559,0.2778,0.1699,0.0559,0.2778,0.0,,0.1003,-0.004,0.1928,0.2844,0.451
Mikel Merino,Arsenal,MID,2601,0.1687,0.0483,0.2707,0.1706,0.0502,0.2726,-0.0019,60.0,-0.0297,-0.1293,0.0831,-0.5778,-0.057
Gabriel,Arsenal,DEF,8229,0.1623,0.0395,0.2865,0.1656,0.0427,0.2897,-0.0032,80.0,0.2124,0.115,0.3114,0.1988,0.0027
Andreas Pereira,Fulham,MID,4830,0.1612,0.0528,0.2702,0.172,0.0636,0.281,-0.0108,91.0,0.0392,-0.0788,0.1708,0.0584,0.3878
Michael Olise,Crystal Palace,FWD,1291,0.1607,0.0804,0.2339,0.1395,0.0593,0.2128,0.0211,56.0,0.1606,0.0398,0.2717,1.3042,0.5159
James Hill,Bournemouth,DEF,2656,0.1602,0.0319,0.2793,0.1615,0.0333,0.2807,-0.0014,18.0,0.0799,-0.0006,0.1637,0.3296,0.2374
Yoane Wissa,Newcastle United,FWD,6026,0.1548,0.0161,0.2781,0.1628,0.0241,0.2861,-0.0079,170.0,0.0491,-0.0662,0.1656,0.2857,0.3439
Emil Krafth,Newcastle United,DEF,1293,0.1543,0.0138,0.3014,0.1545,0.0139,0.3016,-0.0002,5.0,0.0601,-0.0718,0.1893,0.6165,0.6062
Josko Gvardiol,Manchester City,DEF,7034,0.1533,0.046,0.2517,0.1514,0.0441,0.2499,0.0019,89.0,0.21,0.0983,0.3264,0.3272,0.2359
Richarlison,Tottenham,FWD,3948,0.1496,0.0016,0.2923,0.1438,-0.0042,0.2865,0.0058,139.0,0.1549,0.0058,0.3009,0.695,0.3797
Trevoh Chalobah,Chelsea,DEF,5751,0.1487,0.0129,0.2749,0.1472,0.0114,0.2734,0.0016,36.0,0.172,0.0376,0.3095,0.4332,0.1904
Justin Kluivert,Bournemouth,MID,5373,0.1445,0.0009,0.2845,0.1422,-0.0014,0.2823,0.0022,136.0,0.1568,0.0468,0.2689,0.329,0.2281
João Pedro,Chelsea,FWD,6736,0.1441,-0.0062,0.2771,0.1495,-0.0008,0.2825,-0.0054,195.0,0.0309,-0.113,0.1765,0.0152,0.2952
Moisés Caicedo,Chelsea,MID,9143,0.1439,0.0205,0.2569,0.1403,0.017,0.2534,0.0035,60.0,0.0949,-0.0063,0.1963,0.5747,0.6185
James Garner,Everton,MID,8099,0.1428,0.0436,0.2107,0.1468,0.0476,0.2146,-0.0039,98.0,0.0156,-0.094,0.1145,0.0273,0.4065
Erling Haaland,Manchester City,FWD,8360,0.1413,0.0292,0.2433,0.1607,0.0487,0.2627,-0.0194,356.0,0.1305,0.0303,0.2333,-0.5499,-0.1286
Bernardo Silva,Manchester City,MID,8228,0.141,0.0167,0.2667,0.1408,0.0165,0.2664,0.0002,96.0,0.1212,0.0116,0.2446,-0.3797,-0.1887
Luis Díaz,Liverpool,FWD,5157,0.1407,0.0155,0.2595,0.1512,0.026,0.27,-0.0105,165.0,0.2219,0.0938,0.3552,0.9793,0.8695
Nicolas Jackson,Chelsea,FWD,5130,0.1401,0.0319,0.2378,0.1594,0.0512,0.2571,-0.0193,156.0,0.1382,0.0243,0.25,0.4754,0.1978
Patrick Dorgu,Manchester United,MID,2292,0.1396,-0.01,0.2516,0.1385,-0.0111,0.2505,0.0011,35.0,-0.0093,-0.1064,0.0748,-0.2913,0.3949
Jurriën Timber,Arsenal,DEF,5020,0.1393,0.0327,0.2516,0.1403,0.0336,0.2525,-0.0009,39.0,0.1181,0.0106,0.2221,-0.1223,0.0064
Viktor Gyokeres,Arsenal,FWD,2267,0.1348,0.035,0.2452,0.1346,0.0348,0.245,0.0002,55.0,0.149,0.0657,0.244,0.3592,0.2187
Alex Scott,Bournemouth,MID,4710,0.1329,-0.017,0.2747,0.1349,-0.0149,0.2768,-0.0021,74.0,0.0344,-0.0948,0.1644,0.0924,0.1507
Marc Guehi,Manchester City,DEF,8298,0.1327,0.0114,0.2428,0.1339,0.0126,0.244,-0.0012,52.0,0.0704,-0.0385,0.1758,0.1316,0.2567
Cody Gakpo,Liverpool,FWD,6408,0.1317,0.0004,0.2854,0.1381,0.0068,0.2919,-0.0064,210.0,0.1889,0.0545,0.3237,0.0381,-0.2848
Gabriel Jesus,Arsenal,FWD,2491,0.1311,-0.025,0.2422,0.1455,-0.0106,0.2566,-0.0144,94.0,-0.0115,-0.153,0.1238,-0.2378,0.2551
Adam Webster,Brighton,DEF,2052,0.1303,-0.0069,0.2553,0.1312,-0.0061,0.2561,-0.0008,13.0,0.085,-0.0599,0.2203,0.4273,0.6118
Micky van de Ven,Tottenham,DEF,6477,0.1294,0.0274,0.2361,0.1282,0.0263,0.235,0.0012,30.0,0.0343,-0.0844,0.1581,0.3388,0.6035
Bryan Mbeumo,Manchester United,FWD,8093,0.1293,0.0171,0.2242,0.1214,0.0092,0.2163,0.0079,212.0,0.1854,0.0824,0.2849,0.629,0.5159
Ryan Yates,Nottingham Forest,MID,4450,0.1282,-0.0082,0.2693,0.135,-0.0014,0.276,-0.0068,74.0,0.0667,-0.0682,0.2102,0.0664,0.2482
Gabriel Martinelli,Arsenal,FWD,5424,0.1274,-0.0048,0.2452,0.1412,0.009,0.259,-0.0138,143.0,0.0636,-0.0857,0.1866,-0.1754,-0.1504
John McGinn,Aston Villa,MID,7561,0.1246,-0.0407,0.258,0.1239,-0.0414,0.2572,0.0008,99.0,0.0522,-0.0718,0.1634,0.3452,0.3179
Lisandro Martínez,Manchester United,DEF,3661,0.1243,-0.0356,0.2381,0.1241,-0.0358,0.2379,0.0002,22.0,0.0258,-0.0965,0.1377,0.1586,0.278
Iyenoma Destiny Udogie,Tottenham,DEF,5768,0.1241,-0.0215,0.2489,0.1244,-0.0211,0.2492,-0.0004,18.0,0.0727,-0.0614,0.1987,0.3993,0.3813
Dean Huijsen,Bournemouth,DEF,2424,0.124,0.0127,0.2523,0.1228,0.0115,0.2511,0.0012,17.0,0.0916,-0.0118,0.2071,0.4993,0.284
Danilo,Nottingham Forest,MID,2087,0.1236,0.0077,0.2266,0.123,0.0071,0.226,0.0006,23.0,0.0021,-0.1183,0.1254,-0.118,0.33
Joachim Andersen,Fulham,DEF,9047,0.1232,0.0159,0.2206,0.1256,0.0183,0.2231,-0.0025,57.0,0.0487,-0.0728,0.1726,0.0336,0.1015
Pascal Struijk,Leeds,DEF,2964,0.1224,0.0181,0.2185,0.1258,0.0215,0.2219,-0.0034,31.0,0.0013,-0.0755,0.075,0.0034,0.9214
Mohamed Salah,Liverpool,FWD,8160,0.1216,-0.005,0.2452,0.1328,0.0062,0.2564,-0.0112,311.0,0.0757,-0.0178,0.1756,-0.0475,0.3693
Daniel Muñoz,Crystal Palace,MID,7144,0.1208,0.0143,0.22,0.1231,0.0166,0.2222,-0.0023,71.0,0.1054,-0.0101,0.2121,0.6757,0.5878
Antoine Semenyo,Manchester City,FWD,8632,0.1201,-0.0086,0.258,0.1142,-0.0146,0.2521,0.0059,279.0,0.0931,-0.0079,0.2126,0.209,0.2006
Alex Iwobi,Fulham,FWD,7925,0.1199,0.0115,0.2138,0.1083,-0.0001,0.2023,0.0116,162.0,-0.0478,-0.1552,0.0548,-0.0197,0.644
Riccardo Calafiori,Arsenal,DEF,2754,0.1198,-0.0037,0.2378,0.1221,-0.0014,0.2402,-0.0024,42.0,0.0934,-0.0153,0.1797,-0.026,0.1039
Amine Adli,Bournemouth,FWD,1050,0.1192,0.0053,0.2494,0.1201,0.0063,0.2504,-0.001,20.0,0.0115,-0.0642,0.0852,0.0664,0.2665
James Maddison,Tottenham,MID,4096,0.1183,-0.044,0.2706,0.1177,-0.0446,0.27,0.0006,98.0,0.0983,-0.0495,0.2396,0.7569,0.586
Antony,Manchester United,FWD,1461,0.1166,0.0193,0.2072,0.1299,0.0326,0.2205,-0.0133,49.0,-0.0764,-0.1934,0.0435,-0.5833,0.0149
Filip Jorgensen,Chelsea,GK,912,0.115,-0.0265,0.2131,0.115,-0.0265,0.2131,0.0,,0.0134,-0.0921,0.1135,0.2577,0.4587
Frank Onyeka,Brentford,MID,1229,0.1148,-0.0096,0.2138,0.117,-0.0075,0.2159,-0.0022,22.0,-0.045,-0.1564,0.0703,-0.6944,0.0976
Kepa,Arsenal,GK,2903,0.1143,0.0015,0.2184,0.1143,0.0015,0.2184,-0.0,1.0,0.0315,-0.0446,0.1255,0.4265,0.521
Valentín Castellanos,West Ham,FWD,1433,0.1136,0.0186,0.1872,0.117,0.022,0.1906,-0.0034,50.0,0.1562,0.0684,0.2307,0.9329,0.6144
Maxence Lacroix,Crystal Palace,DEF,6267,0.1136,0.0028,0.1998,0.1174,0.0066,0.2036,-0.0038,55.0,-0.043,-0.1215,0.0519,0.0242,0.4661
Yeremi Pino,Crystal Palace,MID,2140,0.1133,-0.0015,0.2372,0.119,0.0042,0.2429,-0.0057,45.0,-0.0082,-0.0957,0.0947,-0.1975,0.1306
Ollie Watkins,Aston Villa,FWD,8871,0.1132,-0.0007,0.232,0.1241,0.0102,0.2429,-0.0109,273.0,0.1037,-0.0091,0.2171,0.5797,0.3663
Dominic Calvert-Lewin,Leeds,FWD,6618,0.1116,-0.0155,0.2393,0.1456,0.0185,0.2733,-0.034,196.0,0.1241,0.0042,0.2288,0.8379,0.7814
Nick Pope,Newcastle United,GK,6335,0.1115,-0.0189,0.2308,0.1115,-0.0188,0.2308,-0.0,2.0,0.0583,-0.0684,0.1943,0.0834,0.2251
Evanilson,Bournemouth,FWD,5201,0.111,-0.0468,0.2293,0.1319,-0.0259,0.2502,-0.0209,145.0,-0.0143,-0.1479,0.1011,0.2259,0.7026
Eberechi Eze,Arsenal,MID,6697,0.1103,-0.0262,0.2256,0.1034,-0.0331,0.2188,0.0069,248.0,0.1289,-0.0055,0.2496,0.4465,0.2747
Kevin De Bruyne,Manchester City,MID,2953,0.1097,-0.0079,0.2356,0.1103,-0.0073,0.2361,-0.0005,101.0,0.2194,0.0951,0.3272,0.6523,0.1535
Oscar Bobb,Fulham,FWD,1336,0.1093,-0.017,0.2138,0.1115,-0.0148,0.216,-0.0022,16.0,0.0335,-0.0916,0.1438,0.0641,0.4002
Yankuba Minteh,Brighton,FWD,4261,0.1092,-0.0214,0.2252,0.1115,-0.0191,0.2275,-0.0023,75.0,0.0565,-0.087,0.1691,0.3423,0.3171
Kai Havertz,Arsenal,FWD,5144,0.1086,-0.0074,0.2167,0.1199,0.0038,0.2279,-0.0113,140.0,0.1696,0.0501,0.2833,0.3415,0.2004
Noah Sadiki,Sunderland,MID,2937,0.1082,0.0186,0.19,0.1096,0.0201,0.1914,-0.0014,19.0,0.0454,-0.0227,0.1118,0.2256,1.1737
Ayden Heaven,Manchester United,DEF,1098,0.1079,0.0164,0.184,0.1082,0.0166,0.1843,-0.0002,5.0,0.0177,-0.0407,0.0699,0.3806,0.7998
Ross Barkley,Aston Villa,MID,3990,0.1078,-0.054,0.2638,0.0998,-0.0621,0.2557,0.0081,100.0,0.0173,-0.0974,0.1415,0.4761,0.2544
Noah Okafor,Leeds,FWD,1599,0.1078,-0.0229,0.2384,0.1048,-0.0259,0.2354,0.003,35.0,0.0499,-0.082,0.179,0.7603,0.6381
Omar Marmoush,Manchester City,FWD,1897,0.1073,-0.002,0.2206,0.105,-0.0043,0.2183,0.0023,79.0,0.0844,-0.0068,0.1841,-0.0713,-0.0906
Joseph Gomez,Liverpool,DEF,2864,0.1072,-0.0525,0.265,0.1095,-0.0502,0.2673,-0.0023,26.0,0.1903,0.0528,0.3079,0.6217,0.2837
Cristian Romero,Tottenham,DEF,6148,0.1057,-0.0033,0.2316,0.1037,-0.0054,0.2295,0.0021,57.0,0.0205,-0.1001,0.1617,0.693,0.9094
Andrew Robertson,Liverpool,DEF,5396,0.1056,-0.0448,0.2369,0.1064,-0.044,0.2377,-0.0007,37.0,0.1785,0.0596,0.2938,0.5169,0.3844
Diego Gómez,Brighton,MID,2686,0.1055,-0.0399,0.2288,0.1078,-0.0376,0.2311,-0.0024,51.0,0.0293,-0.1012,0.1645,0.1558,0.2208
Ola Aina,Nottingham Forest,DEF,6382,0.1047,-0.0147,0.2306,0.1022,-0.0172,0.228,0.0025,34.0,0.1516,0.0148,0.3011,0.6463,0.156
Marcus Tavernier,Bournemouth,FWD,6911,0.1043,-0.0315,0.2258,0.1243,-0.0115,0.2458,-0.02,180.0,-0.0149,-0.1405,0.1174,-0.1178,0.4038
Michael Kayode,Brentford,DEF,3835,0.1026,-0.0077,0.2009,0.1027,-0.0076,0.201,-0.0001,11.0,0.07,-0.0142,0.1503,0.3687,0.2267
Mikkel Damsgaard,Brentford,MID,5895,0.1013,-0.037,0.2185,0.103,-0.0352,0.2203,-0.0018,74.0,0.1264,0.0155,0.2389,0.7911,0.5686
Ryan Sessegnon,Fulham,DEF,2426,0.1,0.0061,0.18,0.0974,0.0036,0.1774,0.0025,30.0,0.0917,-0.0214,0.2106,0.2591,0.1858
Matheus Cunha,Manchester United,MID,7663,0.0997,-0.0184,0.2112,0.0608,-0.0573,0.1723,0.0389,273.0,0.093,-0.0219,0.2028,0.591,0.3061
Fabian Schär,Newcastle United,DEF,7143,0.0994,-0.038,0.2394,0.0991,-0.0383,0.2391,0.0003,92.0,0.0009,-0.1195,0.1222,0.1219,0.3856
Bruno Fernandes,Manchester United,MID,9298,0.0992,-0.0053,0.2044,0.1147,0.0102,0.2199,-0.0155,276.0,0.1052,0.011,0.2026,1.3315,0.9401
Emile Smith-Rowe,Fulham,MID,4377,0.0988,-0.0139,0.2169,0.1027,-0.01,0.2208,-0.0039,88.0,0.0967,-0.0286,0.2067,0.2831,0.446
Gianluigi Donnarumma,Manchester City,GK,3082,0.0976,0.0288,0.1697,0.0976,0.0288,0.1697,0.0,,0.1452,0.0735,0.2077,0.1099,0.0021
Jarrad Branthwaite,Everton,DEF,6365,0.0954,-0.0036,0.2021,0.0952,-0.0038,0.2019,0.0002,30.0,0.0887,-0.0155,0.1812,0.399,0.5267
Boubacar Kamara,Aston Villa,MID,4888,0.0938,-0.0389,0.2302,0.0938,-0.0389,0.2302,0.0,22.0,0.1912,0.0455,0.3303,0.7085,0.2142
Mateo Kovacic,Manchester City,MID,3903,0.0931,-0.0455,0.2413,0.0811,-0.0575,0.2293,0.012,69.0,0.1143,-0.0371,0.2508,0.191,0.1074
Virgil van Dijk,Liverpool,DEF,10005,0.0902,0.0221,0.1623,0.0902,0.0221,0.1623,-0.0,101.0,0.1086,0.038,0.1767,-0.7616,-0.2612
Rodrigo Bentancur,Tottenham,MID,4644,0.0888,-0.0354,0.2163,0.0887,-0.0356,0.2161,0.0002,53.0,-0.0717,-0.2209,0.063,-0.2583,0.3712
Pau Torres,Aston Villa,DEF,6207,0.088,-0.0398,0.2021,0.0887,-0.039,0.2028,-0.0007,29.0,0.1008,-0.0157,0.2265,0.348,0.0755
Crysencio Summerville,West Ham,MID,3287,0.0876,-0.0324,0.2188,0.0909,-0.0291,0.222,-0.0032,68.0,-0.0172,-0.118,0.1073,0.0235,0.3406
Chris Wood,Nottingham Forest,FWD,5765,0.0873,-0.0183,0.1977,0.08,-0.0256,0.1904,0.0073,139.0,0.0732,-0.0366,0.1904,0.5296,0.4223
Darwin Núñez,Liverpool,FWD,3139,0.0871,-0.027,0.207,0.1201,0.0061,0.24,-0.033,142.0,0.0109,-0.139,0.137,0.1912,0.5768
David Brooks,Bournemouth,FWD,2404,0.086,-0.0413,0.2458,0.1138,-0.0135,0.2736,-0.0278,86.0,0.0648,-0.0481,0.1854,0.4049,0.3811
Dominik Szoboszlai,Liverpool,MID,7947,0.0849,-0.0428,0.2132,0.0856,-0.0421,0.214,-0.0007,198.0,0.0293,-0.0879,0.1599,-0.8243,-0.4266
Guglielmo Vicario,Tottenham,GK,8445,0.0845,-0.0326,0.2083,0.0845,-0.0326,0.2083,0.0,,0.0217,-0.0807,0.1131,0.3795,0.5007
Conor Bradley,Liverpool,DEF,2487,0.0842,-0.0413,0.1916,0.0862,-0.0393,0.1936,-0.0019,28.0,-0.0841,-0.1871,0.0176,-0.6218,-0.1081
Yerson Mosquera,Wolverhampton Wanderers,DEF,2617,0.0835,-0.024,0.1632,0.0884,-0.019,0.1682,-0.005,32.0,-0.014,-0.1063,0.0774,-0.4163,-0.0066
Senne Lammens,Manchester United,GK,2902,0.0828,0.0193,0.1532,0.0828,0.0193,0.1532,0.0,,0.0985,0.0322,0.1664,0.8949,0.8051
Jorginho,Arsenal,MID,1639,0.082,-0.0528,0.1973,0.0822,-0.0526,0.1975,-0.0002,6.0,0.0608,-0.0682,0.1683,0.0413,0.0434
Jan Paul van Hecke,Brighton,DEF,8605,0.082,-0.0163,0.1856,0.0836,-0.0147,0.1871,-0.0016,55.0,0.1183,-0.0099,0.2448,0.8735,0.1818
Ben Osborn,Sheffield United,MID,1356,0.0815,-0.0397,0.1953,0.0816,-0.0396,0.1954,-0.0001,4.0,0.0035,-0.1076,0.1067,0.5628,0.7029
Sandro Tonali,Newcastle United,MID,5676,0.0814,-0.0782,0.2101,0.084,-0.0756,0.2127,-0.0026,75.0,-0.0003,-0.1308,0.1221,-0.1423,0.0343
Calvin Bassey,Fulham,DEF,7937,0.0812,-0.0102,0.1723,0.081,-0.0104,0.1721,0.0002,30.0,0.0667,-0.0201,0.1526,0.3256,0.6039
Tyrone Mings,Aston Villa,DEF,2498,0.081,-0.0431,0.2037,0.0828,-0.0412,0.2055,-0.0018,19.0,0.0525,-0.0607,0.158,-0.0003,0.2103
Elijah Adebayo,Luton,FWD,1434,0.0805,-0.0582,0.1911,0.0753,-0.0634,0.1859,0.0052,31.0,0.0331,-0.0648,0.1341,0.9368,0.9031
Rico Henry,Brentford,DEF,1815,0.0804,-0.015,0.1871,0.0807,-0.0148,0.1874,-0.0003,7.0,0.0934,-0.004,0.201,0.5697,0.2445
Malo Gusto,Chelsea,DEF,5930,0.0804,-0.0628,0.2144,0.0836,-0.0596,0.2176,-0.0032,49.0,0.0774,-0.0754,0.2206,0.1235,0.3547
Timo Werner,Tottenham,FWD,1324,0.0791,-0.0653,0.228,0.0877,-0.0567,0.2365,-0.0086,37.0,-0.0553,-0.1534,0.0492,0.048,0.7398
Son Heung-Min,Tottenham,FWD,5154,0.0786,-0.0524,0.2099,0.0715,-0.0596,0.2027,0.0071,142.0,0.1171,-0.0037,0.2327,0.6785,0.2996
Aaron Cresswell,West Ham,DEF,1244,0.0785,-0.04,0.1701,0.0787,-0.0398,0.1703,-0.0002,5.0,0.0213,-0.0802,0.1105,0.1562,0.4357
Willy Boly,Nottingham Forest,DEF,1610,0.078,-0.0287,0.177,0.0775,-0.0291,0.1766,0.0004,15.0,0.0314,-0.0431,0.1096,-0.1059,0.1536
Konstantinos Tsimikas,Liverpool,DEF,1498,0.0767,-0.0297,0.171,0.0771,-0.0293,0.1714,-0.0004,7.0,-0.0037,-0.0843,0.0732,-0.1044,0.1994
Jarell Quansah,Liverpool,DEF,1673,0.0759,-0.0566,0.1999,0.0756,-0.0569,0.1997,0.0003,7.0,-0.0276,-0.1049,0.0732,0.0527,0.4312
Rodrigo Gomes,Wolverhampton Wanderers,MID,1727,0.0758,-0.0411,0.1711,0.0722,-0.0447,0.1675,0.0036,28.0,0.0479,-0.0727,0.1752,0.3659,0.4068
Georginio Rutter,Brighton,MID,3481,0.0752,-0.0553,0.1874,0.077,-0.0535,0.1892,-0.0018,92.0,0.0693,-0.086,0.1823,0.35,0.0896
Chemsdine Talbi,Sunderland,FWD,1567,0.0745,-0.0361,0.18,0.0709,-0.0397,0.1764,0.0036,25.0,0.162,0.066,0.2457,1.3375,0.4397
Pascal Groß,Brighton,MID,4776,0.0744,-0.034,0.1827,0.0787,-0.0298,0.1869,-0.0042,73.0,0.0779,-0.0486,0.2025,0.078,0.0654
Joël Veltman,Brighton,DEF,4330,0.0743,-0.0578,0.2103,0.0746,-0.0576,0.2105,-0.0002,16.0,0.1092,-0.0452,0.2456,0.2678,-0.1283
Leon Bailey,Aston Villa,FWD,3726,0.0737,-0.055,0.225,0.0712,-0.0575,0.2225,0.0025,89.0,0.0614,-0.0617,0.1931,0.2474,0.2581
Ian Maatsen,Aston Villa,DEF,2862,0.0735,-0.072,0.211,0.0779,-0.0676,0.2154,-0.0044,44.0,-0.0467,-0.1694,0.0708,-0.0984,0.3209
Pedro Neto,Chelsea,FWD,6464,0.0723,-0.0471,0.2031,0.0767,-0.0427,0.2075,-0.0044,141.0,0.1493,0.0287,0.2798,0.2884,0.0465
Nathan Collins,Brentford,DEF,9109,0.0718,-0.0226,0.1619,0.0733,-0.021,0.1635,-0.0015,47.0,0.0093,-0.0641,0.0849,0.5258,0.5553
Takehiro Tomiyasu,Arsenal,DEF,1124,0.0717,-0.0275,0.185,0.0713,-0.0279,0.1846,0.0004,18.0,0.0665,-0.0415,0.178,0.4188,0.2184
Jakub Stolarczyk,Leicester,GK,909,0.0709,-0.0156,0.1367,0.0709,-0.0156,0.1367,0.0,,0.0677,-0.0057,0.1325,0.8564,0.7431
Adrien Truffert,Bournemouth,DEF,3420,0.0708,0.0033,0.1357,0.0717,0.0042,0.1366,-0.0009,16.0,0.0563,0.0059,0.1102,0.2362,0.1328
Martin Odegaard,Arsenal,MID,6835,0.0703,-0.049,0.187,0.0762,-0.0431,0.193,-0.006,148.0,0.1961,0.0849,0.2997,0.2616,0.0067
Youri Tielemans,Aston Villa,MID,6537,0.0693,-0.0806,0.2034,0.0719,-0.0779,0.206,-0.0026,79.0,0.0834,-0.0563,0.2085,0.2121,0.1246
Chris Richards,Crystal Palace,DEF,6885,0.0693,-0.0472,0.1695,0.07,-0.0465,0.1702,-0.0007,38.0,0.0293,-0.0879,0.1314,0.3252,0.3379
Tijjani Reijnders,Manchester City,MID,1651,0.069,-0.0193,0.1624,0.0686,-0.0198,0.1619,0.0005,49.0,0.0064,-0.0947,0.0928,-0.265,-0.0514
Josh Brownhill,Burnley,MID,2246,0.0689,-0.0286,0.1449,0.0645,-0.033,0.1405,0.0044,28.0,-0.0386,-0.1236,0.0368,-0.0536,0.4171
Declan Rice,Arsenal,MID,9273,0.0688,-0.0112,0.1786,0.0599,-0.0201,0.1697,0.0089,146.0,0.0637,-0.0099,0.1488,-0.7147,-0.3158
Raphael Varane,Manchester United,DEF,1386,0.0684,-0.0218,0.1475,0.0685,-0.0216,0.1477,-0.0001,8.0,0.0208,-0.0557,0.1025,0.0695,-0.1509
Mason Mount,Manchester United,MID,2163,0.0683,-0.0628,0.2026,0.069,-0.0622,0.2033,-0.0006,44.0,-0.1822,-0.3007,-0.0558,-0.8774,0.2331
Tomas Soucek,West Ham,MID,7727,0.0669,-0.0913,0.1799,0.0665,-0.0917,0.1796,0.0003,122.0,0.0457,-0.1094,0.1636,0.3527,0.2891
Jayden Bogle,Leeds,MID,5669,0.0669,-0.0588,0.1821,0.0674,-0.0582,0.1826,-0.0005,50.0,-0.0856,-0.1916,0.0308,0.2241,0.8786
Jannik Vestergaard,Leicester,DEF,1420,0.0668,-0.0497,0.1682,0.0668,-0.0497,0.1682,-0.0001,3.0,-0.1252,-0.2269,-0.0415,-0.7182,0.7953
Luke Shaw,Manchester United,DEF,4621,0.0664,-0.0361,0.1855,0.0662,-0.0363,0.1853,0.0001,13.0,0.1507,0.0538,0.2696,0.649,0.5166
Ibrahima Konaté,Liverpool,DEF,7317,0.0659,-0.0874,0.2246,0.0675,-0.0858,0.2262,-0.0016,42.0,0.0683,-0.0624,0.1968,-0.3683,-0.3315
Mathys Tel,Tottenham,FWD,2263,0.065,-0.0482,0.1517,0.0638,-0.0494,0.1505,0.0012,58.0,-0.0328,-0.1402,0.0794,-0.3897,-0.0227
Jean-Clair Todibo,West Ham,DEF,3675,0.0648,-0.0712,0.1979,0.065,-0.071,0.1981,-0.0002,7.0,0.0307,-0.071,0.1251,0.1302,0.2078
Matheus Nunes,Manchester City,DEF,5396,0.0645,-0.0646,0.1913,0.0649,-0.0642,0.1917,-0.0004,26.0,0.0407,-0.0754,0.1653,-0.168,-0.1369
Tosin Adarabioyo,Chelsea,DEF,3847,0.0641,-0.0758,0.1801,0.0631,-0.0767,0.1792,0.0009,29.0,0.0775,-0.0899,0.2246,0.3972,0.2332
Victor Lindelöf,Aston Villa,DEF,2976,0.064,-0.0543,0.1771,0.0638,-0.0544,0.1769,0.0002,9.0,0.0903,-0.0333,0.2196,0.1363,0.0397
Ben White,Arsenal,DEF,4949,0.0638,-0.0789,0.1939,0.063,-0.0797,0.1931,0.0008,27.0,0.107,-0.0131,0.2095,-0.0188,-0.2276
Carlos Baleba,Brighton,MID,5742,0.0637,-0.0793,0.2206,0.0671,-0.0759,0.224,-0.0035,85.0,-0.0048,-0.1413,0.1626,-0.047,-0.0497
Harvey Elliott,Aston Villa,MID,1725,0.0633,-0.0676,0.1885,0.0667,-0.0641,0.1919,-0.0035,71.0,0.1752,0.0668,0.2926,1.1021,0.6337
Amadou Onana,Aston Villa,MID,5571,0.0633,-0.0636,0.1767,0.0644,-0.0624,0.1778,-0.0012,65.0,-0.09,-0.2308,0.0699,-0.4047,-0.0968
Axel Disasi,West Ham,DEF,4725,0.0614,-0.0747,0.185,0.0621,-0.074,0.1857,-0.0007,25.0,-0.0546,-0.1944,0.0772,-0.1783,0.141
Marc Cucurella,Chelsea,DEF,7557,0.06,-0.067,0.2162,0.0603,-0.0667,0.2166,-0.0004,52.0,0.18,0.0709,0.3018,0.7543,0.2012
Murillo,Nottingham Forest,DEF,8208,0.0599,-0.0521,0.1731,0.061,-0.051,0.1742,-0.0011,53.0,-0.0228,-0.143,0.1055,-0.0456,0.1405
Ryan Gravenberch,Liverpool,MID,7370,0.0592,-0.0675,0.1801,0.0564,-0.0702,0.1773,0.0028,81.0,0.1002,-0.0063,0.2191,-0.1815,-0.2084
Kiernan Dewsbury-Hall,Everton,MID,2901,0.0586,-0.042,0.1485,0.0532,-0.0474,0.1431,0.0054,40.0,0.0595,-0.0358,0.1552,0.1639,-0.0306
Leandro Trossard,Arsenal,FWD,6277,0.0584,-0.0646,0.1746,0.056,-0.067,0.1722,0.0024,185.0,0.0506,-0.0701,0.1783,-0.0972,0.091
Jakub Kiwior,Arsenal,DEF,2069,0.0582,-0.0433,0.1617,0.058,-0.0435,0.1614,0.0002,9.0,0.0892,-0.0382,0.2066,0.3679,0.0958
Nico González,Manchester City,MID,2359,0.0581,-0.0666,0.1923,0.0572,-0.0675,0.1914,0.0009,23.0,0.112,-0.0053,0.2375,0.142,0.0364
Oliver Arblaster,Sheffield United,MID,959,0.0574,-0.0167,0.1258,0.0574,-0.0167,0.1258,-0.0,1.0,-0.0198,-0.1053,0.0666,0.2856,0.6853
Lewis Cook,Bournemouth,MID,6671,0.057,-0.0468,0.1677,0.0574,-0.0464,0.1681,-0.0004,29.0,-0.0809,-0.1804,0.029,-0.3393,0.0752
Julián Álvarez,Manchester City,MID,2693,0.0561,-0.0367,0.1561,0.0675,-0.0253,0.1675,-0.0114,98.0,0.1212,0.0247,0.2169,0.7054,0.5393
José Sá,Wolverhampton Wanderers,GK,7785,0.0541,-0.0438,0.1458,0.0541,-0.0438,0.1458,0.0,,0.0422,-0.08,0.1456,0.9062,0.4832
Julio Enciso,Ipswich,MID,1655,0.0533,-0.063,0.1577,0.0734,-0.0429,0.1778,-0.0201,80.0,-0.0012,-0.1224,0.1104,-0.0444,0.1948
Harry Maguire,Manchester United,DEF,5097,0.0531,-0.0613,0.1744,0.0549,-0.0596,0.1762,-0.0018,50.0,0.0854,-0.0176,0.1965,0.3155,0.0979
Enzo Fernández,Chelsea,MID,8376,0.0521,-0.0847,0.174,0.0625,-0.0743,0.1844,-0.0104,172.0,-0.0666,-0.1865,0.0638,-0.6946,0.0404
Diogo Dalot,Manchester United,DEF,8670,0.0497,-0.0565,0.1587,0.0527,-0.0536,0.1616,-0.0029,78.0,0.0007,-0.0996,0.1001,0.083,-0.1139
Idrissa Gueye,Everton,MID,7178,0.0494,-0.0531,0.165,0.0466,-0.0559,0.1623,0.0027,82.0,-0.0257,-0.1459,0.1043,0.1274,0.3183
André,Wolverhampton Wanderers,MID,5337,0.0486,-0.0701,0.1535,0.0484,-0.0703,0.1532,0.0002,25.0,-0.0559,-0.176,0.0544,-0.1526,0.1143
Trai Hume,Sunderland,DEF,3067,0.0485,-0.0449,0.1374,0.0495,-0.0439,0.1384,-0.001,34.0,0.0128,-0.0755,0.0915,-0.9618,0.3208
Omari Hutchinson,Nottingham Forest,MID,4313,0.0477,-0.074,0.1668,0.0513,-0.0704,0.1704,-0.0036,70.0,-0.0814,-0.2061,0.0476,0.0111,0.7786
Zian Flemming,Burnley,FWD,1804,0.0475,-0.0396,0.1304,0.0442,-0.043,0.1271,0.0034,52.0,0.019,-0.0541,0.0935,0.2943,0.0482
Ferdi Kadioglu,Brighton,DEF,3567,0.0468,-0.0453,0.1358,0.0475,-0.0446,0.1365,-0.0007,32.0,0.0029,-0.1045,0.1097,0.0743,-0.0971
Marcos Senesi,Bournemouth,DEF,6721,0.0466,-0.1028,0.1587,0.047,-0.1024,0.1592,-0.0004,31.0,0.0388,-0.0788,0.1452,-0.0745,-0.014
Jarrod Bowen,West Ham,FWD,9494,0.0465,-0.0725,0.1479,0.0324,-0.0866,0.1338,0.0141,251.0,0.0347,-0.0821,0.1269,0.935,0.6257
Brenden Aaronson,Leeds,MID,2523,0.0464,-0.0711,0.1775,0.0497,-0.0678,0.1808,-0.0033,46.0,0.0367,-0.0448,0.1375,0.8132,0.4607
Ben Chilwell,Crystal Palace,MID,1020,0.0459,-0.0205,0.1186,0.0468,-0.0196,0.1195,-0.0009,17.0,0.0021,-0.0804,0.0966,-0.1845,0.0132
Jamaal Lascelles,Newcastle United,DEF,1091,0.0458,-0.0776,0.1602,0.0459,-0.0775,0.1603,-0.0001,7.0,0.0468,-0.0581,0.1466,0.3292,0.4414
Robert Sánchez,Chelsea,GK,7419,0.0458,-0.0741,0.1468,0.0458,-0.0741,0.1468,0.0,,0.0199,-0.0988,0.1256,-0.3201,-0.2078
Emiliano Martinez,Aston Villa,GK,9134,0.0454,-0.059,0.1469,0.0454,-0.059,0.1469,0.0,,0.1342,0.0282,0.2343,1.3832,0.8824
Lucas Perri,Leeds,GK,1453,0.0452,-0.0406,0.1358,0.0452,-0.0406,0.1358,0.0,,0.0163,-0.0704,0.0918,-0.3266,-0.2355
Reece James,Chelsea,DEF,3430,0.0448,-0.1186,0.1999,0.043,-0.1205,0.198,0.0018,40.0,0.0878,-0.0297,0.1917,-0.2204,-0.4543
Oliver McBurnie,Sheffield United,FWD,1299,0.0433,-0.0848,0.1627,0.046,-0.0822,0.1654,-0.0027,33.0,0.0011,-0.1209,0.1251,0.7786,0.8591
Nico O'Reilly,Manchester City,DEF,3194,0.0429,-0.0753,0.184,0.0441,-0.0741,0.1852,-0.0011,49.0,0.156,0.0756,0.2385,0.2532,-0.0726
Ao Tanaka,Leeds,MID,1338,0.0424,-0.072,0.1479,0.0428,-0.0717,0.1483,-0.0004,17.0,0.0258,-0.0739,0.1246,0.0786,0.3107
Mats Wieffer,Brighton,DEF,2931,0.0424,-0.0765,0.1481,0.0425,-0.0764,0.1481,-0.0,27.0,0.0421,-0.1001,0.1696,0.1414,0.0142
Billy Gilmour,Brighton,MID,2260,0.0424,-0.0493,0.1327,0.0451,-0.0467,0.1353,-0.0026,26.0,-0.0061,-0.1421,0.1163,-0.0159,0.2656
Hugo Ekitike,Liverpool,FWD,1844,0.0421,-0.0912,0.1468,0.0447,-0.0886,0.1494,-0.0026,65.0,-0.0068,-0.0957,0.0808,-0.584,-0.5377
Caoimhin Kelleher,Brentford,GK,5173,0.0419,-0.0396,0.137,0.0419,-0.0396,0.137,0.0,,0.0351,-0.0489,0.1246,0.1838,0.1073
Marshall Munetsi,Wolverhampton Wanderers,MID,1954,0.0417,-0.0589,0.1437,0.0448,-0.0558,0.1468,-0.0031,36.0,0.036,-0.0581,0.1276,0.4774,0.4985
Noni Madueke,Arsenal,FWD,4439,0.0403,-0.1174,0.1586,0.0489,-0.1088,0.1672,-0.0086,137.0,0.1022,-0.0319,0.2339,0.2687,-0.0437
Dan Ndoye,Nottingham Forest,FWD,1192,0.0401,-0.0646,0.1594,0.0404,-0.0643,0.1597,-0.0003,15.0,-0.0265,-0.1218,0.0789,0.0032,0.1389
Lutsharel Geertruida,Sunderland,DEF,1681,0.0399,-0.0672,0.1256,0.0408,-0.0663,0.1265,-0.0009,11.0,0.0425,-0.0468,0.1214,-0.3212,-0.1303
Nick Woltemade,Newcastle United,FWD,1963,0.0399,-0.0623,0.1574,0.0402,-0.062,0.1577,-0.0003,32.0,-0.0228,-0.1119,0.066,-0.4511,-0.188
Taiwo Awoniyi,Nottingham Forest,FWD,1897,0.0398,-0.0641,0.1288,0.0412,-0.0627,0.1302,-0.0014,47.0,0.0553,-0.0686,0.1559,-0.0203,-0.0587
Tolu Arokodare,Wolverhampton Wanderers,FWD,1375,0.039,-0.0582,0.1249,0.0524,-0.0449,0.1383,-0.0134,46.0,-0.015,-0.0948,0.0533,-0.1182,0.2082
Johann Berg Gudmundsson,Burnley,MID,1183,0.0384,-0.0494,0.1199,0.0397,-0.0481,0.1212,-0.0013,15.0,0.0396,-0.0549,0.1517,0.6146,0.672
Matz Sels,Nottingham Forest,GK,7594,0.0366,-0.0655,0.1403,0.0366,-0.0655,0.1403,0.0,,0.1078,-0.0072,0.2037,0.7403,0.1594
Ethan Nwaneri,Arsenal,FWD,1054,0.0364,-0.042,0.119,0.0289,-0.0496,0.1115,0.0076,30.0,0.0759,-0.0246,0.1972,0.3439,0.031
Piero Hincapié,Arsenal,DEF,1797,0.0364,-0.0736,0.1374,0.0363,-0.0737,0.1373,0.0001,3.0,0.0429,-0.0259,0.1291,-0.153,-0.1952
Emmanuel Agbadou,Wolverhampton Wanderers,DEF,2530,0.0364,-0.0608,0.1301,0.0366,-0.0606,0.1302,-0.0002,17.0,-0.0887,-0.1857,0.0116,-0.2656,0.2538
Bobby Reid,Leicester,FWD,2178,0.0353,-0.0759,0.1462,0.0338,-0.0774,0.1447,0.0015,40.0,-0.0384,-0.1522,0.0879,-0.2637,-0.2121
Jake O'Brien,Everton,DEF,4739,0.0345,-0.0621,0.1292,0.0343,-0.0623,0.129,0.0002,19.0,0.1218,0.0331,0.2108,0.3973,0.1062
Ethan Ampadu,Leeds,MID,3156,0.0344,-0.0338,0.1063,0.0356,-0.0326,0.1075,-0.0012,26.0,0.0089,-0.057,0.0753,0.8074,1.016
Liam Delap,Chelsea,FWD,3752,0.0342,-0.0942,0.1762,0.0441,-0.0843,0.186,-0.0099,104.0,-0.0261,-0.1385,0.0827,0.2893,0.4629
Conor Gallagher,Tottenham,MID,4427,0.0334,-0.0792,0.1307,0.0338,-0.0789,0.1311,-0.0003,59.0,-0.0092,-0.1234,0.0933,-0.0885,0.0761
Mykhailo Mudryk,Chelsea,FWD,1710,0.0322,-0.0909,0.1452,0.0326,-0.0904,0.1457,-0.0005,36.0,0.0721,-0.0635,0.1984,0.3919,0.1315
Casemiro,Manchester United,MID,6202,0.0319,-0.094,0.1513,0.0334,-0.0925,0.1528,-0.0015,122.0,0.1284,0.004,0.2528,0.7693,0.4179
Guido Rodríguez,West Ham,MID,1344,0.0312,-0.0808,0.1587,0.0318,-0.0802,0.1592,-0.0005,9.0,0.0087,-0.0873,0.1043,0.1826,0.2693
Yehor Yarmolyuk,Brentford,MID,4757,0.0302,-0.1281,0.1525,0.0325,-0.1259,0.1547,-0.0022,36.0,0.028,-0.078,0.1304,0.0918,-0.0586
Lamare Bogarde,Aston Villa,MID,1504,0.0295,-0.1062,0.1633,0.0296,-0.1062,0.1633,-0.0,1.0,-0.073,-0.1582,0.0193,-0.5754,0.0313
Paul Onuachu,Southampton,FWD,1027,0.0294,-0.0641,0.1183,0.0324,-0.0611,0.1213,-0.003,34.0,-0.0024,-0.0926,0.0982,0.6087,0.4732
Gabriel Gudmundsson,Leeds,DEF,2673,0.0286,-0.0502,0.1103,0.0298,-0.049,0.1115,-0.0012,18.0,-0.0025,-0.0771,0.0852,0.0636,0.0807
Moussa Niakhate,Nottingham Forest,DEF,1462,0.0271,-0.0607,0.1112,0.0272,-0.0606,0.1113,-0.0001,5.0,-0.1135,-0.1975,-0.0163,-1.0559,-0.0645
Gustavo Hamer,Sheffield United,MID,3001,0.0271,-0.0738,0.1199,0.0221,-0.0788,0.1149,0.005,49.0,-0.0784,-0.1841,0.0352,1.4074,1.4996
Flynn Downes,Southampton,MID,2187,0.027,-0.1144,0.1434,0.0269,-0.1145,0.1433,0.0001,10.0,-0.0585,-0.1759,0.0531,0.3454,1.271
Dan Burn,Newcastle United,DEF,8360,0.0264,-0.0878,0.1561,0.029,-0.0853,0.1586,-0.0025,54.0,0.1526,0.0177,0.2739,0.8452,0.4083
Wesley Fofana,Chelsea,DEF,2950,0.0264,-0.1142,0.1575,0.0268,-0.1138,0.158,-0.0004,11.0,0.0618,-0.0626,0.1709,0.1406,-0.0183
Toti,Wolverhampton Wanderers,DEF,6902,0.0263,-0.0938,0.1234,0.027,-0.093,0.1241,-0.0007,22.0,0.0218,-0.0978,0.1342,0.523,0.2523
Facundo Buonanotte,Leeds,FWD,3013,0.0262,-0.1009,0.1507,0.0249,-0.1022,0.1494,0.0013,59.0,-0.0165,-0.1422,0.1143,0.2851,0.3811
Jean-Philippe Mateta,Crystal Palace,FWD,7262,0.026,-0.0968,0.1439,0.0291,-0.0937,0.147,-0.0031,178.0,0.0597,-0.0584,0.1829,0.3627,0.2052
Jesper Lindstrom,Everton,FWD,1285,0.0249,-0.0911,0.1348,0.0314,-0.0847,0.1413,-0.0065,28.0,0.0168,-0.0766,0.1205,0.399,0.4386
Matt Doherty,Wolverhampton Wanderers,DEF,4079,0.0249,-0.0964,0.1352,0.0247,-0.0965,0.1351,0.0001,21.0,-0.0775,-0.1976,0.0463,-0.0005,0.2497
Danny Welbeck,Brighton,FWD,6192,0.0247,-0.1016,0.1555,0.0273,-0.099,0.1581,-0.0026,155.0,0.0833,-0.0716,0.2165,0.3046,0.0542
Cole Palmer,Chelsea,MID,7910,0.0237,-0.0851,0.1687,0.0137,-0.0951,0.1587,0.01,298.0,0.0717,-0.0406,0.1934,0.3688,0.0332
Alphonse Areola,West Ham,GK,6823,0.0231,-0.0836,0.1256,0.0231,-0.0836,0.1256,0.0,,0.0324,-0.0842,0.1745,0.2078,0.0421
Kristoffer Ajer,Brentford,DEF,5140,0.0226,-0.1163,0.1508,0.0236,-0.1153,0.1518,-0.001,31.0,-0.1,-0.2109,0.0262,-0.3999,-0.185
Harry Winks,Leicester,MID,1547,0.0223,-0.0934,0.1106,0.0229,-0.0928,0.1112,-0.0006,10.0,0.0015,-0.0881,0.0889,0.4276,0.4739
Luis Sinisterra,Bournemouth,FWD,902,0.0222,-0.0902,0.1401,0.0273,-0.0851,0.1451,-0.0051,40.0,-0.0507,-0.1596,0.079,-0.4658,0.2285
Jack Stephens,Southampton,DEF,1425,0.0218,-0.0909,0.1149,0.0217,-0.0909,0.1149,0.0001,4.0,-0.0123,-0.0919,0.0716,0.5173,0.7283
Jason Steele,Brighton,GK,1722,0.0204,-0.0663,0.1071,0.0204,-0.0663,0.1071,0.0,,-0.0529,-0.1766,0.0762,-0.4389,0.2656
Chiedozie Ogbene,Ipswich,MID,2239,0.0198,-0.1017,0.1496,0.0213,-0.1002,0.1511,-0.0016,35.0,0.0528,-0.0626,0.1701,1.1,0.9481
James Ward-Prowse,Burnley,MID,5592,0.0184,-0.1134,0.151,0.0171,-0.1146,0.1497,0.0013,63.0,-0.0971,-0.2266,0.0257,-0.0928,-0.0448
Bart Verbruggen,Brighton,GK,8617,0.018,-0.0644,0.1048,0.018,-0.0644,0.1048,0.0,,0.0511,-0.0561,0.1498,0.4389,-0.2656
Neto,Bournemouth,GK,3088,0.0176,-0.0715,0.1011,0.0176,-0.0715,0.1011,0.0,,-0.0339,-0.1298,0.048,-0.4111,-0.2933
Igor Julio,West Ham,DEF,2711,0.0174,-0.1119,0.1385,0.0176,-0.1118,0.1387,-0.0001,6.0,-0.0114,-0.1254,0.1023,-0.1859,-0.0806
Pablo Sarabia,Wolverhampton Wanderers,MID,2572,0.0174,-0.1082,0.1503,0.0203,-0.1053,0.1532,-0.0029,63.0,0.0634,-0.0597,0.1816,0.7752,0.4218
Igor Jesus,Nottingham Forest,FWD,2389,0.0172,-0.1009,0.1273,0.0213,-0.0967,0.1314,-0.0041,70.0,0.039,-0.1099,0.1659,0.0039,-0.3413
Tom Cairney,Fulham,MID,2783,0.0164,-0.0989,0.1413,0.0099,-0.1053,0.1349,0.0064,45.0,0.0693,-0.0672,0.2359,0.3846,-0.1495
Manuel Akanji,Manchester City,DEF,4564,0.0162,-0.0865,0.1314,0.0172,-0.0855,0.1323,-0.0009,30.0,0.1524,0.0402,0.2618,0.3077,0.0543
Harvey Barnes,Newcastle United,FWD,4467,0.0158,-0.1093,0.1512,0.0105,-0.1146,0.1459,0.0053,148.0,0.0575,-0.0808,0.2063,0.1369,0.0334
Vitalii Mykolenko,Everton,DEF,8589,0.0155,-0.0846,0.1098,0.0153,-0.0848,0.1096,0.0002,49.0,0.034,-0.0725,0.1334,0.2036,0.0366
Cristhian Mosquera,Arsenal,DEF,983,0.0153,-0.0844,0.1136,0.0153,-0.0844,0.1136,-0.0,1.0,0.0075,-0.0641,0.0846,-0.4467,-0.2562
Hee-Chan Hwang,Wolverhampton Wanderers,FWD,4277,0.015,-0.1161,0.1297,0.01,-0.1212,0.1246,0.0051,69.0,-0.07,-0.1886,0.0473,-0.0952,-0.0509
Christian Eriksen,Manchester United,MID,2188,0.0147,-0.0923,0.1221,0.0148,-0.0922,0.1222,-0.0,28.0,-0.0563,-0.1629,0.0691,-0.2971,-0.0709
Jack Grealish,Everton,FWD,3332,0.0147,-0.1056,0.1291,0.0162,-0.104,0.1306,-0.0016,63.0,0.0112,-0.1062,0.1378,0.003,-0.0381
Nathan Patterson,Everton,DEF,1566,0.014,-0.107,0.1268,0.0143,-0.1067,0.1271,-0.0003,6.0,-0.0771,-0.1912,0.0374,-0.5132,0.0678
Oleksandr Zinchenko,Nottingham Forest,DEF,2606,0.0129,-0.0969,0.1117,0.0133,-0.0965,0.1121,-0.0004,31.0,-0.1003,-0.2348,0.0356,-0.1591,0.37
John Stones,Manchester City,DEF,2062,0.0128,-0.1021,0.1229,0.0124,-0.1025,0.1225,0.0004,6.0,-0.0614,-0.2005,0.0666,-0.6725,-0.3394
Vitaly Janelt,Brentford,MID,6903,0.0125,-0.1139,0.1429,0.0132,-0.1132,0.1435,-0.0007,47.0,0.0887,-0.0334,0.2123,0.1567,-0.2876
Adama Traoré,West Ham,FWD,2429,0.0109,-0.152,0.1428,0.0189,-0.144,0.1508,-0.008,57.0,-0.0051,-0.1467,0.1222,-0.0242,0.1935
Iliman Ndiaye,Everton,FWD,5308,0.0103,-0.1085,0.1441,0.0079,-0.1109,0.1417,0.0024,80.0,0.1199,0.0104,0.2281,0.4255,0.0289
El Hadji Malick Diouf,West Ham,DEF,2726,0.0102,-0.0865,0.1273,0.0113,-0.0855,0.1284,-0.0011,18.0,0.0672,-0.0372,0.1727,0.176,0.1188
Albert Sambi Lokonga,Luton,MID,1339,0.0101,-0.1228,0.139,0.0099,-0.123,0.1387,0.0002,8.0,-0.0403,-0.1314,0.0743,0.4188,0.9034
Lucas Paquetá,West Ham,MID,6647,0.0094,-0.1482,0.1395,0.0098,-0.1479,0.1399,-0.0004,106.0,0.0047,-0.1465,0.1422,0.0576,-0.0408
Lucas Pires,Burnley,MID,1406,0.0093,-0.0737,0.0948,0.0112,-0.0717,0.0967,-0.0019,16.0,-0.0014,-0.0764,0.0687,0.2481,-0.071
Kobbie Mainoo,Manchester United,MID,5294,0.0093,-0.1076,0.1299,0.0066,-0.1102,0.1272,0.0027,39.0,0.0949,-0.0278,0.2149,0.3451,-0.0007
Kenny Tete,Fulham,DEF,4503,0.0087,-0.09,0.1109,0.0109,-0.0879,0.1131,-0.0022,45.0,-0.0373,-0.1436,0.0629,-0.1999,-0.0993
Kieran Trippier,Newcastle United,DEF,5208,0.0082,-0.1156,0.1385,0.0082,-0.1156,0.1385,0.0,14.0,-0.0438,-0.1738,0.0942,-0.2488,0.0793
Daichi Kamada,Crystal Palace,MID,3478,0.008,-0.1127,0.1397,0.0122,-0.1085,0.1439,-0.0042,39.0,0.0634,-0.0498,0.1844,0.1442,0.2149
Kevin Danso,Tottenham,DEF,2352,0.0078,-0.0953,0.0943,0.0091,-0.094,0.0956,-0.0013,18.0,-0.0839,-0.196,0.0348,-0.6775,-0.2449
Brian Brobbey,Sunderland,FWD,1955,0.0073,-0.0979,0.1018,0.0075,-0.0977,0.1019,-0.0002,36.0,-0.0097,-0.0993,0.074,-0.3823,-0.0551
Cameron Burgess,Ipswich,DEF,1550,0.007,-0.0907,0.0947,0.0077,-0.09,0.0954,-0.0007,10.0,0.0261,-0.0761,0.1204,0.2833,-0.022
Sammie Szmodics,Ipswich,FWD,1027,0.0065,-0.0839,0.0985,0.0072,-0.0832,0.0992,-0.0007,21.0,0.0557,-0.0369,0.1412,0.837,0.0464
Niclas Füllkrug,West Ham,FWD,1198,0.0054,-0.103,0.1004,0.0057,-0.1027,0.1007,-0.0003,25.0,-0.0756,-0.1611,0.0134,-0.452,0.099
Joshua Zirkzee,Manchester United,FWD,1973,0.0049,-0.1243,0.1283,0.0136,-0.1156,0.137,-0.0087,53.0,-0.0112,-0.125,0.1057,-0.0861,0.0869
Jaka Bijol,Leeds,DEF,1910,0.004,-0.0991,0.1395,0.0036,-0.0995,0.1391,0.0004,15.0,0.0454,-0.049,0.1336,0.6206,0.1934
Auston Trusty,Sheffield United,DEF,2594,0.0032,-0.124,0.1128,0.0035,-0.1237,0.1131,-0.0003,8.0,-0.213,-0.3427,-0.0818,-0.8517,0.7283
James Tarkowski,Everton,DEF,9751,0.0029,-0.0812,0.1045,0.0049,-0.0792,0.1065,-0.0021,60.0,-0.0015,-0.0887,0.0877,-0.1477,0.0761
Mads Roerslev,Brentford,MID,3110,0.0024,-0.143,0.146,0.0026,-0.1428,0.1462,-0.0002,12.0,-0.0346,-0.1384,0.0727,-0.5339,-0.4182
Jacob Ramsey,Newcastle United,MID,3941,0.0023,-0.1531,0.1628,0.0039,-0.1515,0.1643,-0.0015,54.0,-0.0614,-0.186,0.0826,-0.2578,-0.1196
Jadon Sancho,Aston Villa,FWD,2706,0.002,-0.1369,0.157,0.0023,-0.1366,0.1572,-0.0003,34.0,0.0233,-0.0921,0.1491,0.0591,0.023
Raúl Jiménez,Fulham,FWD,6197,0.0019,-0.0985,0.1007,0.0139,-0.0865,0.1127,-0.012,210.0,0.1062,-0.0118,0.2102,0.2172,-0.009
Dan Ballard,Sunderland,DEF,2165,0.0018,-0.1097,0.1208,0.0036,-0.1078,0.1227,-0.0019,25.0,0.0193,-0.0917,0.1218,-0.138,0.1726
Dominic Solanke,Tottenham,FWD,6599,0.001,-0.1364,0.1221,0.0141,-0.1233,0.1352,-0.0131,189.0,-0.1063,-0.2359,0.0168,-0.5189,-0.2738
Nicolò Savona,Nottingham Forest,DEF,1045,0.0009,-0.1121,0.0973,0.0006,-0.1124,0.097,0.0003,5.0,-0.0328,-0.1358,0.075,-0.3919,-0.2909
Neco Williams,Nottingham Forest,DEF,7464,0.0009,-0.1026,0.1052,0.0067,-0.0968,0.1111,-0.0058,98.0,0.0221,-0.0957,0.1263,0.4545,0.1627
Matt Turner,Nottingham Forest,GK,1544,0.0006,-0.0652,0.0707,0.0006,-0.0652,0.0707,0.0,,0.0058,-0.0617,0.0704,-0.3876,-0.1721
Matthew Cash,Aston Villa,DEF,7313,0.0005,-0.1325,0.1371,0.0008,-0.1322,0.1374,-0.0003,76.0,0.1176,-0.0067,0.2394,0.6511,0.0715
Phil Foden,Manchester City,MID,6786,0.0003,-0.0983,0.1167,-0.025,-0.1236,0.0914,0.0253,214.0,0.1314,0.0349,0.2406,0.013,-0.2721
Ben Mee,Brentford,DEF,1482,0.0001,-0.081,0.0885,-0.0002,-0.0814,0.0881,0.0003,10.0,-0.1007,-0.1894,0.0003,-1.0937,-0.5211
Andrey Santos,Chelsea,MID,1228,0.0001,-0.1229,0.1258,0.0014,-0.1215,0.1272,-0.0014,13.0,0.0099,-0.0859,0.1066,-0.2373,0.0213
Martín Zubimendi,Arsenal,MID,3052,-0.0001,-0.1256,0.1106,-0.002,-0.1276,0.1087,0.0019,27.0,0.0151,-0.0637,0.1063,-0.3202,-0.1809
Evan Ferguson,West Ham,FWD,1723,-0.0002,-0.114,0.1151,-0.0045,-0.1182,0.1109,0.0042,45.0,-0.1207,-0.238,0.0138,-0.6184,-0.1575
Ezri Konsa Ngoyo,Aston Villa,DEF,9128,-0.0009,-0.0946,0.0958,-0.0002,-0.0939,0.0965,-0.0007,41.0,0.0082,-0.0885,0.108,-0.0503,-0.159
Axel Tuanzebe,Burnley,DEF,2959,-0.001,-0.1021,0.0983,-0.0011,-0.1021,0.0983,0.0,6.0,-0.0005,-0.1076,0.0829,0.2506,0.1713
Granit Xhaka,Sunderland,MID,2924,-0.002,-0.0804,0.0702,-0.0023,-0.0807,0.0699,0.0003,21.0,0.0847,0.002,0.1563,0.6177,0.2148
Jordan Pickford,Everton,GK,10340,-0.002,-0.0346,0.0382,-0.002,-0.0346,0.0382,0.0,,0.0136,-0.0337,0.0577,0.0,0.0
Rico Lewis,Manchester City,DEF,3117,-0.0023,-0.1229,0.1546,-0.0025,-0.1231,0.1544,0.0002,18.0,0.0141,-0.0854,0.1479,-0.2814,-0.1703
Ibrahim Sangare,Nottingham Forest,MID,3771,-0.0023,-0.1095,0.1088,-0.002,-0.1091,0.1091,-0.0004,25.0,0.0088,-0.1246,0.1484,0.2359,-0.0634
Vitinho,Burnley,DEF,2338,-0.0033,-0.0797,0.0808,-0.0003,-0.0767,0.0837,-0.003,25.0,0.0863,-0.0073,0.1668,0.8203,0.5665
Elliot Anderson,Nottingham Forest,MID,7144,-0.0036,-0.1453,0.1128,-0.0015,-0.1432,0.1149,-0.0021,103.0,0.1177,-0.0323,0.2393,0.5146,-0.0644
Dango Ouattara,Brentford,FWD,5557,-0.0037,-0.13,0.1301,0.0125,-0.1138,0.1464,-0.0162,148.0,0.0743,-0.0709,0.1909,0.2467,0.0392
Enzo Le Fée,Sunderland,MID,2978,-0.004,-0.0606,0.0474,-0.0036,-0.0602,0.0478,-0.0004,36.0,0.033,-0.0374,0.0911,-0.6199,-0.2966
Sasa Lukic,Fulham,MID,5248,-0.0046,-0.1058,0.0994,-0.0007,-0.102,0.1033,-0.0039,49.0,-0.0216,-0.1667,0.0981,-0.276,-0.1267
Miguel Almirón,Newcastle United,FWD,2119,-0.0056,-0.1513,0.1203,0.0003,-0.1454,0.1262,-0.0059,47.0,-0.0337,-0.1651,0.0915,-0.2994,0.0216
Bernd Leno,Fulham,GK,10341,-0.0058,-0.0453,0.0388,-0.0058,-0.0453,0.0388,0.0,,0.0052,-0.0421,0.0587,0.0,0.0
Aaron Hickey,Brentford,DEF,1426,-0.0076,-0.0906,0.0736,-0.0063,-0.0893,0.0749,-0.0013,13.0,-0.0289,-0.1139,0.056,-0.1035,0.0183
Mathis Cherki,Manchester City,MID,1802,-0.0083,-0.1204,0.1135,-0.0059,-0.1181,0.1158,-0.0023,55.0,0.0498,-0.0384,0.1444,-0.0008,-0.0434
Maxime Estève,Burnley,DEF,4293,-0.0085,-0.118,0.0739,-0.0079,-0.1173,0.0745,-0.0006,17.0,-0.0701,-0.1609,0.0195,0.0034,-0.0874
Conor Coady,Leicester,DEF,1727,-0.0089,-0.1164,0.0849,-0.0089,-0.1164,0.0849,0.0,2.0,-0.0439,-0.1337,0.0411,-0.2599,-0.1899
Jeremie Frimpong,Liverpool,DEF,1035,-0.0091,-0.0937,0.0805,-0.0082,-0.0927,0.0814,-0.0009,10.0,-0.0088,-0.0809,0.064,-0.6772,-0.5278
Mateus Fernandes,West Ham,MID,6037,-0.0094,-0.1412,0.1182,-0.0069,-0.1386,0.1207,-0.0025,70.0,0.0524,-0.0675,0.1619,1.1732,0.5753
Ryan Christie,Bournemouth,MID,6103,-0.0095,-0.1682,0.1644,-0.0055,-0.1642,0.1683,-0.004,101.0,0.0247,-0.0944,0.1596,-0.1356,-0.2076
Adam Lallana,Southampton,MID,1228,-0.01,-0.1141,0.0989,-0.0085,-0.1125,0.1005,-0.0016,14.0,-0.0086,-0.1056,0.1007,-0.1164,0.014
Jordan Henderson,Brentford,MID,1950,-0.0102,-0.1119,0.1145,-0.0104,-0.1121,0.1143,0.0002,6.0,-0.016,-0.0953,0.0768,0.0816,0.1711
Malick Thiaw,Newcastle United,DEF,2995,-0.0102,-0.1116,0.0878,-0.0087,-0.1101,0.0893,-0.0015,28.0,-0.0614,-0.1531,0.0229,-0.6836,-0.4942
Rayan Ait Nouri,Manchester City,MID,6581,-0.0105,-0.1272,0.0929,-0.009,-0.1257,0.0944,-0.0015,68.0,0.0296,-0.098,0.1678,0.3901,0.1761
Joe Rodon,Leeds,DEF,2978,-0.0109,-0.0948,0.0696,-0.011,-0.0949,0.0695,0.0001,18.0,-0.0355,-0.1109,0.0409,-0.8755,-0.4839
Issa Kabore,Luton,MID,1762,-0.0116,-0.1206,0.1018,-0.0114,-0.1204,0.102,-0.0002,6.0,-0.0166,-0.0893,0.0553,0.0897,0.069
Mathias Jensen,Brentford,MID,5405,-0.0116,-0.1408,0.1101,-0.0172,-0.1464,0.1045,0.0056,49.0,-0.0272,-0.1496,0.0926,-0.0547,-0.1199
Jacob Bruun Larsen,Burnley,MID,2297,-0.012,-0.1414,0.1048,-0.0099,-0.1393,0.1069,-0.0021,61.0,-0.0941,-0.2192,-0.0016,0.0967,0.3178
Cheick Oumar Doucoure,Crystal Palace,MID,1379,-0.0124,-0.0856,0.073,-0.0112,-0.0845,0.0742,-0.0012,13.0,-0.0034,-0.0841,0.0804,-0.1155,-0.1707
Kalvin Phillips,Ipswich,MID,1617,-0.0126,-0.1009,0.0952,-0.0111,-0.0994,0.0967,-0.0015,16.0,-0.0629,-0.1741,0.056,-0.1433,0.083
Anton Stach,Leeds,MID,2409,-0.0129,-0.0999,0.0818,-0.0213,-0.1082,0.0735,0.0084,55.0,0.0104,-0.0727,0.0999,-0.0137,-0.3877
Karl Darlow,Leeds,GK,1996,-0.0131,-0.1032,0.0804,-0.0131,-0.1032,0.0804,0.0,,-0.0121,-0.0938,0.0622,0.3266,0.2355
Mark Flekken,Brentford,GK,6621,-0.0136,-0.0877,0.0547,-0.0136,-0.0877,0.0547,0.0,,0.008,-0.0753,0.08,-0.0347,-0.0374
George Baldock,Sheffield United,DEF,972,-0.0136,-0.1256,0.0873,-0.0136,-0.1256,0.0873,-0.0,1.0,0.0487,-0.0251,0.1088,1.2195,-0.0815
Jack Hinshelwood,Brighton,MID,4542,-0.0138,-0.1603,0.1331,-0.0162,-0.1627,0.1307,0.0024,69.0,0.0015,-0.1236,0.1314,0.0482,0.016
Joelinton,Newcastle United,MID,5718,-0.0144,-0.1455,0.1431,-0.0125,-0.1437,0.1449,-0.0018,96.0,0.0935,-0.0346,0.222,0.2035,-0.1607
Rodrigo Muniz,Fulham,FWD,3558,-0.0157,-0.1134,0.0989,-0.0092,-0.107,0.1054,-0.0064,144.0,-0.0093,-0.1218,0.0988,0.0941,0.1385
Hjalmar Ekdal,Burnley,DEF,1997,-0.0161,-0.1105,0.0593,-0.0157,-0.1101,0.0597,-0.0004,8.0,-0.0965,-0.1876,0.0003,-0.2901,0.0382
Michail Antonio,West Ham,FWD,2642,-0.0171,-0.1341,0.1175,-0.0143,-0.1312,0.1203,-0.0028,49.0,0.0485,-0.0938,0.1835,0.2072,-0.1994
Raheem Sterling,Arsenal,FWD,2490,-0.0174,-0.1363,0.1085,-0.0143,-0.1332,0.1115,-0.0031,61.0,-0.0244,-0.1445,0.1144,-0.2028,-0.0591
Djordje Petrovic,Bournemouth,GK,5451,-0.0177,-0.0999,0.087,-0.0177,-0.0999,0.087,0.0,,0.0633,-0.0427,0.1617,0.178,0.0643
Altay Bayindir,Manchester United,GK,903,-0.0183,-0.0868,0.0456,-0.0183,-0.0868,0.0456,0.0,,-0.0747,-0.1466,-0.0041,-0.95,0.1556
Sander Berge,Fulham,MID,8254,-0.0185,-0.1122,0.0826,-0.0166,-0.1103,0.0844,-0.0019,42.0,-0.0087,-0.1129,0.0828,0.0378,0.2125
Jorge Cuenca,Fulham,DEF,1307,-0.0192,-0.0898,0.0472,-0.0191,-0.0898,0.0472,-0.0,2.0,-0.0118,-0.0752,0.0444,-0.2945,-0.4491
Adam Smith,Bournemouth,DEF,4919,-0.0193,-0.1528,0.1284,-0.0192,-0.1527,0.1285,-0.0001,5.0,0.0865,-0.0312,0.2228,0.4386,0.3115
Ryan Manning,Southampton,DEF,1500,-0.0194,-0.1271,0.0927,-0.019,-0.1267,0.0931,-0.0004,8.0,-0.0855,-0.1931,0.0221,0.0116,0.1166
Ameen Al Dakhil,Burnley,DEF,1064,-0.0196,-0.0867,0.0575,-0.0194,-0.0864,0.0578,-0.0003,8.0,-0.0632,-0.1202,0.0035,-0.5585,0.0795
Pedro Porro,Tottenham,DEF,8594,-0.0196,-0.1471,0.093,-0.0195,-0.1469,0.0932,-0.0002,124.0,0.0956,-0.0303,0.1984,0.9577,0.4508
Lorenz Assignon,Burnley,DEF,1258,-0.0199,-0.089,0.0563,-0.0208,-0.0899,0.0554,0.0009,9.0,-0.0429,-0.1218,0.0435,-0.1315,0.174
Rasmus Højlund,Manchester United,FWD,4260,-0.0205,-0.1503,0.0931,-0.0191,-0.1489,0.0945,-0.0013,70.0,-0.1033,-0.2196,0.017,-0.4779,-0.3798
Alex Palmer,Ipswich,GK,1182,-0.0214,-0.0927,0.0462,-0.0214,-0.0927,0.0462,0.0,,-0.0243,-0.1055,0.0561,-0.1421,-0.0644
Emerson,West Ham,DEF,5360,-0.0219,-0.1226,0.0755,-0.0214,-0.122,0.076,-0.0005,35.0,0.0276,-0.0882,0.1461,0.1889,-0.0685
Sven Botman,Newcastle United,DEF,3671,-0.0221,-0.1551,0.1384,-0.0218,-0.1548,0.1387,-0.0003,30.0,0.0225,-0.1201,0.1625,-0.3005,-0.4439
Soungoutou Magassa,West Ham,MID,981,-0.0228,-0.1217,0.0798,-0.0232,-0.1221,0.0794,0.0004,7.0,-0.0992,-0.1758,-0.0109,-0.9476,-0.3586
Loum Tchaouna,Burnley,FWD,1280,-0.0231,-0.1164,0.0952,-0.0255,-0.1188,0.0928,0.0024,23.0,0.0145,-0.057,0.0979,0.1497,-0.3263
Konstantinos Mavropanos,West Ham,DEF,6080,-0.0232,-0.1347,0.1058,-0.0218,-0.1334,0.1072,-0.0013,53.0,0.0043,-0.1106,0.1333,0.1377,0.1081
Hannibal Mejbri,Burnley,MID,1384,-0.0238,-0.123,0.0681,-0.0281,-0.1274,0.0637,0.0043,20.0,0.0521,-0.0361,0.1331,0.5762,-0.0953
Reinildo,Sunderland,DEF,1991,-0.0241,-0.1399,0.0752,-0.0241,-0.1398,0.0753,-0.0001,4.0,0.0505,-0.0455,0.1396,0.5825,0.1283
Freddie Potts,West Ham,MID,1160,-0.0242,-0.1123,0.0872,-0.0241,-0.1122,0.0873,-0.0001,3.0,-0.016,-0.1045,0.0805,-0.1311,-0.1687
Will Hughes,Crystal Palace,MID,5680,-0.0249,-0.1313,0.0968,-0.0211,-0.1276,0.1005,-0.0038,47.0,-0.0473,-0.1811,0.0779,-0.2094,-0.138
Reece Burke,Luton,DEF,1703,-0.025,-0.1457,0.0841,-0.0233,-0.1439,0.0859,-0.0018,13.0,-0.0457,-0.1263,0.0495,0.2395,0.5332
Mateus Mané,Wolverhampton Wanderers,MID,1800,-0.0257,-0.1238,0.0742,-0.0301,-0.1283,0.0697,0.0044,41.0,-0.0015,-0.086,0.0716,-0.0999,-0.1073
Ben Godfrey,Ipswich,DEF,1305,-0.0262,-0.1235,0.06,-0.0237,-0.1209,0.0625,-0.0025,15.0,-0.0628,-0.1781,0.0476,-0.4325,0.0168
Habib Diarra,Sunderland,MID,1427,-0.0268,-0.1106,0.0599,-0.0243,-0.108,0.0625,-0.0026,26.0,0.0239,-0.0697,0.1098,0.0515,0.1132
Dean Henderson,Crystal Palace,GK,8439,-0.0274,-0.0906,0.0515,-0.0274,-0.0906,0.0515,-0.0,1.0,-0.0117,-0.0774,0.0589,0.2879,0.2064
Marcus Edwards,Burnley,MID,1062,-0.0274,-0.1185,0.0707,-0.0239,-0.115,0.0742,-0.0035,23.0,0.0651,-0.015,0.1432,0.8409,-0.0295
Callum Hudson-Odoi,Nottingham Forest,FWD,5955,-0.0278,-0.1613,0.0924,-0.044,-0.1774,0.0762,0.0162,105.0,-0.013,-0.1542,0.1331,0.1846,0.005
Charlie Taylor,Southampton,DEF,2700,-0.0279,-0.1702,0.0871,-0.029,-0.1713,0.0861,0.0011,10.0,-0.0334,-0.1396,0.0594,0.4087,0.4732
Diogo Jota,Liverpool,FWD,2368,-0.0282,-0.161,0.1135,-0.0255,-0.1584,0.1161,-0.0027,92.0,0.1145,-0.0117,0.2303,0.6458,0.2955
Kyle Walker,Burnley,DEF,6893,-0.0285,-0.1357,0.0753,-0.0277,-0.1349,0.0761,-0.0008,25.0,-0.0859,-0.1957,0.0145,-0.1814,-0.2077
Brajan Gruda,Brighton,FWD,1414,-0.0285,-0.1519,0.1105,-0.0267,-0.1501,0.1123,-0.0018,27.0,-0.003,-0.1048,0.1212,0.087,-0.3339
Alexander Isak,Liverpool,FWD,5869,-0.0295,-0.1692,0.0997,-0.0281,-0.1678,0.1011,-0.0014,194.0,-0.0026,-0.1338,0.1357,0.1629,0.0655
Sávio,Manchester City,MID,2614,-0.0301,-0.1544,0.0807,-0.0117,-0.136,0.0991,-0.0185,74.0,-0.0929,-0.2134,0.0343,-0.8472,-0.3444
Leny Yoro,Manchester United,DEF,2907,-0.0303,-0.1374,0.0657,-0.0294,-0.1365,0.0666,-0.0009,14.0,-0.1634,-0.2521,-0.0461,-0.4846,0.2636
Taylor Harwood-Bellis,Southampton,DEF,2856,-0.0304,-0.1657,0.072,-0.0294,-0.1648,0.0729,-0.001,20.0,-0.0783,-0.1606,0.0046,0.8662,0.642
Ben Brereton Díaz,Southampton,FWD,1583,-0.0306,-0.1717,0.1023,-0.0271,-0.1682,0.1058,-0.0035,46.0,-0.0639,-0.177,0.0571,0.1357,0.5435
Christopher Nkunku,Chelsea,FWD,1309,-0.0306,-0.1372,0.0879,-0.0272,-0.1338,0.0913,-0.0034,41.0,-0.1199,-0.2276,0.0027,-0.6451,-0.0231
Lewis Hall,Newcastle United,DEF,5148,-0.0314,-0.1691,0.0961,-0.031,-0.1687,0.0965,-0.0004,47.0,0.0312,-0.0955,0.1753,0.0033,-0.2193
Jorrel Hato,Chelsea,DEF,1140,-0.0315,-0.1987,0.1109,-0.0313,-0.1985,0.111,-0.0001,4.0,-0.1594,-0.2801,-0.0288,-1.555,-0.6202
Gonçalo Guedes,Wolverhampton Wanderers,MID,979,-0.0332,-0.1286,0.054,-0.0295,-0.1249,0.0577,-0.0037,27.0,-0.092,-0.1943,0.0107,-0.3333,0.1267
Joshua King,Fulham,MID,1434,-0.0336,-0.1359,0.0645,-0.0273,-0.1296,0.0708,-0.0063,29.0,-0.0069,-0.0929,0.0851,0.0282,-0.1872
Wataru Endo,Liverpool,MID,2128,-0.0339,-0.2014,0.1085,-0.0344,-0.2019,0.1079,0.0005,11.0,0.0167,-0.086,0.1342,0.2887,0.1229
Benoit Badiashile Mukinayi,Chelsea,DEF,2155,-0.0356,-0.1706,0.1252,-0.0354,-0.1704,0.1253,-0.0002,6.0,-0.0659,-0.1905,0.0615,-0.4513,-0.1374
Luke Woolfenden,Ipswich,DEF,1180,-0.0356,-0.1258,0.045,-0.0356,-0.1258,0.045,-0.0,1.0,0.0238,-0.0641,0.0984,-0.0293,-0.4285
Jordan Clark,Luton,MID,1335,-0.0356,-0.1958,0.093,-0.0358,-0.196,0.0929,0.0002,17.0,-0.131,-0.2374,-0.0093,-0.7949,0.3171
Noussair Mazraoui,Manchester United,DEF,3893,-0.0362,-0.1708,0.0897,-0.0354,-0.1699,0.0906,-0.0008,18.0,-0.1011,-0.2099,0.0076,-0.5568,-0.1815
Samuel Chukwueze,Fulham,FWD,1064,-0.0367,-0.1346,0.0887,-0.0388,-0.1367,0.0866,0.0021,25.0,-0.0147,-0.1409,0.1099,-0.1858,-0.1289
Tommy Doyle,Wolverhampton Wanderers,MID,1627,-0.037,-0.1417,0.0685,-0.0341,-0.1388,0.0714,-0.0029,23.0,-0.0155,-0.1089,0.0877,0.142,0.0605
Craig Dawson,Wolverhampton Wanderers,DEF,3195,-0.0372,-0.1359,0.0687,-0.0365,-0.1353,0.0693,-0.0006,21.0,-0.034,-0.1381,0.0649,0.3228,0.09
Kurt Zouma,West Ham,DEF,2874,-0.0382,-0.1162,0.0433,-0.0385,-0.1165,0.043,0.0003,16.0,0.007,-0.0927,0.0974,0.1574,-0.1341
Yasin Ayari,Brighton,MID,3923,-0.0382,-0.1581,0.0889,-0.0399,-0.1598,0.0873,0.0017,69.0,0.0158,-0.1107,0.1417,0.2486,-0.0425
Wilson Odobert,Tottenham,FWD,3971,-0.0386,-0.149,0.0636,-0.0305,-0.1408,0.0718,-0.0082,83.0,-0.1038,-0.2245,0.0242,-0.2877,0.0226
Anthony Elanga,Newcastle United,FWD,6312,-0.0387,-0.1601,0.078,-0.0335,-0.1549,0.0833,-0.0053,115.0,-0.0395,-0.1856,0.092,-0.0244,0.0413
Abduqodir Khusanov,Manchester City,DEF,1939,-0.0396,-0.1437,0.0647,-0.0391,-0.1433,0.0652,-0.0004,8.0,-0.012,-0.1053,0.0847,-0.7292,-0.5396
Jonny Evans,Manchester United,DEF,1717,-0.0399,-0.1402,0.0756,-0.0398,-0.1402,0.0756,-0.0001,3.0,0.0638,-0.0399,0.1757,0.1679,-0.488
Jhon Arias,Wolverhampton Wanderers,FWD,1148,-0.0401,-0.1458,0.0592,-0.0371,-0.1428,0.0621,-0.003,16.0,-0.0157,-0.0979,0.0659,-0.1872,0.0802
Sepp van den Berg,Brentford,DEF,5404,-0.0403,-0.1591,0.0939,-0.036,-0.1548,0.0982,-0.0043,43.0,0.0159,-0.0943,0.1362,0.1894,0.1198
Jan Bednarek,Southampton,DEF,2558,-0.0405,-0.1608,0.063,-0.0406,-0.1609,0.0629,0.0001,5.0,-0.0725,-0.1714,0.0154,0.8902,0.9532
Benjamin Sesko,Manchester United,FWD,1651,-0.041,-0.1264,0.0631,-0.0369,-0.1224,0.0672,-0.0041,61.0,0.0122,-0.0742,0.1002,0.3063,0.2314
James Milner,Brighton,MID,1747,-0.0411,-0.1878,0.1024,-0.0405,-0.1871,0.1031,-0.0006,15.0,0.0226,-0.1176,0.167,0.1851,0.1234
Omar Alderete,Sunderland,DEF,2836,-0.0416,-0.139,0.0634,-0.0408,-0.1383,0.0641,-0.0008,24.0,-0.0094,-0.0945,0.0733,-0.8999,-0.2686
Illia Zabarnyi,Bournemouth,DEF,6494,-0.042,-0.1293,0.055,-0.0414,-0.1287,0.0556,-0.0006,20.0,0.0237,-0.0576,0.107,-0.1818,-0.1082
Tyler Adams,Bournemouth,MID,3907,-0.0424,-0.1699,0.0904,-0.0422,-0.1697,0.0906,-0.0002,19.0,0.0998,-0.0195,0.2211,0.4392,0.1009
Neal Maupay,Brentford,FWD,1396,-0.0425,-0.141,0.0648,-0.0397,-0.1381,0.0677,-0.0029,42.0,-0.1396,-0.2473,-0.021,-0.8841,-0.1506
Willian,Fulham,FWD,2335,-0.0428,-0.148,0.0624,-0.0392,-0.1443,0.066,-0.0037,52.0,0.031,-0.0645,0.1289,0.4111,0.0057
Levi Colwill,Chelsea,DEF,5207,-0.0433,-0.1543,0.0791,-0.0432,-0.1542,0.0792,-0.0001,28.0,-0.0185,-0.1399,0.1011,-0.0928,-0.1572
Nordi Mukiele,Sunderland,DEF,2817,-0.0437,-0.1091,0.0189,-0.044,-0.1093,0.0187,0.0003,26.0,0.0356,-0.041,0.1081,-0.1917,-0.6152
Alejandro Jiménez,Bournemouth,DEF,2364,-0.044,-0.1532,0.0558,-0.0437,-0.1528,0.0562,-0.0003,21.0,-0.0002,-0.0886,0.0858,0.0649,-0.1308
Nélson Semedo,Wolverhampton Wanderers,MID,6062,-0.0442,-0.1457,0.0735,-0.042,-0.1436,0.0757,-0.0022,35.0,0.0614,-0.0466,0.1452,0.9174,0.268
Jørgen Strand Larsen,Crystal Palace,FWD,5005,-0.0445,-0.1487,0.0788,-0.0442,-0.1484,0.0791,-0.0003,98.0,-0.1139,-0.2331,0.0124,-0.1824,0.118
Thiago Silva,Chelsea,DEF,2551,-0.0446,-0.1499,0.0696,-0.0467,-0.152,0.0674,0.0022,14.0,0.0249,-0.0915,0.1468,0.1348,-0.0338
Jaydee Canvot,Crystal Palace,DEF,1346,-0.0452,-0.1386,0.0342,-0.0446,-0.138,0.0348,-0.0006,7.0,-0.0894,-0.1804,0.0057,-0.6586,-0.3932
Jack Harrison,Leeds,FWD,4597,-0.0454,-0.1678,0.0797,-0.0384,-0.1607,0.0868,-0.007,69.0,-0.0311,-0.1665,0.0865,-0.1037,-0.1335
Lukas Nmecha,Leeds,FWD,1089,-0.0456,-0.1392,0.0667,-0.0413,-0.1349,0.071,-0.0043,30.0,-0.012,-0.1055,0.0826,-0.4577,-0.4226
Stefan Ortega Moreno,Nottingham Forest,GK,2009,-0.0463,-0.1588,0.0811,-0.0463,-0.1588,0.0811,0.0,,-0.0239,-0.1057,0.0683,-0.4601,-0.5223
Yukinari Sugawara,Southampton,DEF,1546,-0.0464,-0.1767,0.0558,-0.0478,-0.1781,0.0544,0.0014,14.0,-0.1232,-0.2319,-0.0329,-0.4317,0.134
Andre Brooks,Sheffield United,MID,953,-0.047,-0.1531,0.0518,-0.0462,-0.1523,0.0526,-0.0008,9.0,-0.1238,-0.2289,-0.0242,-0.7732,-0.0005
Zanka,Brentford,DEF,1090,-0.0471,-0.1206,0.0361,-0.0476,-0.121,0.0356,0.0005,8.0,-0.0441,-0.1031,0.0046,-0.7675,-0.6924
Jack Robinson,Sheffield United,DEF,2906,-0.0474,-0.1417,0.0492,-0.047,-0.1414,0.0495,-0.0003,14.0,-0.0641,-0.1767,0.0383,1.2176,0.4717
Lucas Digne,Aston Villa,DEF,6720,-0.0478,-0.1598,0.072,-0.0458,-0.1578,0.074,-0.002,47.0,0.0454,-0.0691,0.1734,-0.1088,-0.4148
Vladimir Coufal,West Ham,DEF,4235,-0.048,-0.1552,0.0567,-0.0475,-0.1547,0.0572,-0.0005,15.0,-0.0523,-0.1585,0.0687,-0.1051,-0.1208
Djed Spence,Tottenham,DEF,3882,-0.0486,-0.1871,0.0849,-0.0481,-0.1865,0.0855,-0.0005,23.0,-0.0012,-0.1268,0.1082,-0.4128,-0.3662
Harry Toffolo,Nottingham Forest,DEF,1577,-0.0489,-0.1444,0.0441,-0.0486,-0.1441,0.0443,-0.0002,9.0,-0.0897,-0.1798,0.0017,-0.783,-0.0761
Radu Dragusin,Tottenham,DEF,2212,-0.0491,-0.1925,0.0811,-0.0487,-0.192,0.0816,-0.0004,10.0,-0.0715,-0.2182,0.055,-0.4989,-0.4608
Morgan Gibbs-White,Nottingham Forest,MID,9233,-0.0494,-0.1591,0.0591,-0.0563,-0.166,0.0522,0.0069,215.0,0.0349,-0.0571,0.1453,0.4568,-0.1543
Nicolás Domínguez,Nottingham Forest,MID,4757,-0.0495,-0.1796,0.095,-0.0466,-0.1767,0.0979,-0.0029,61.0,-0.0218,-0.1473,0.1119,-0.2754,-0.29
Carlos Alcaraz,Everton,MID,1446,-0.0499,-0.1557,0.0518,-0.0464,-0.1521,0.0553,-0.0035,47.0,0.036,-0.0712,0.1322,0.239,-0.2845
Moussa Diaby,Aston Villa,FWD,2243,-0.05,-0.1704,0.0791,-0.0489,-0.1693,0.0802,-0.0011,54.0,-0.06,-0.189,0.0748,-0.2198,-0.0723
Antonee Robinson,Fulham,DEF,7998,-0.0501,-0.1385,0.0522,-0.0485,-0.1369,0.0538,-0.0016,38.0,-0.0346,-0.1326,0.0551,-0.2615,-0.2106
Randal Kolo Muani,Tottenham,FWD,1716,-0.0506,-0.1696,0.0574,-0.0487,-0.1678,0.0592,-0.0018,20.0,-0.0676,-0.1687,0.0279,-0.66,-0.3984
Morato,Nottingham Forest,DEF,2207,-0.0509,-0.2036,0.0919,-0.0506,-0.2034,0.0921,-0.0002,7.0,-0.0551,-0.2015,0.1049,-0.1597,-0.151
Robin Roefs,Sunderland,GK,3180,-0.0515,-0.1075,0.0058,-0.0515,-0.1075,0.0058,0.0,,0.0206,-0.0465,0.0756,-0.5266,-0.8646
Boubakary Soumare,Leicester,MID,2201,-0.0517,-0.1619,0.061,-0.0515,-0.1617,0.0612,-0.0002,7.0,-0.0952,-0.1764,-0.0087,-0.5685,-0.0973
Ladislav Krejcí,Wolverhampton Wanderers,DEF,2399,-0.0524,-0.152,0.05,-0.0528,-0.1524,0.0496,0.0004,21.0,-0.0229,-0.1068,0.0663,-0.3682,-0.1967
Pierre-Emile Højbjerg,Tottenham,MID,1235,-0.0525,-0.1439,0.0653,-0.0499,-0.1413,0.0679,-0.0026,19.0,-0.0112,-0.1128,0.1105,-0.0296,-0.1286
Ben Davies,Tottenham,DEF,2554,-0.0527,-0.1554,0.0524,-0.0519,-0.1546,0.0532,-0.0009,19.0,-0.02,-0.156,0.1128,-0.1282,-0.2455
Xavi Simons,Tottenham,MID,1785,-0.0534,-0.1528,0.0497,-0.0508,-0.1502,0.0523,-0.0026,42.0,-0.0196,-0.1305,0.0839,-0.519,-0.4721
David Møller Wolfe,Wolverhampton Wanderers,MID,1067,-0.0537,-0.1384,0.0299,-0.0536,-0.1383,0.03,-0.0001,3.0,-0.0755,-0.1474,-0.0047,-0.9103,-0.28
Antonín Kinsky,Tottenham,GK,1181,-0.0539,-0.1383,0.0307,-0.0539,-0.1383,0.0307,0.0,,-0.0272,-0.0884,0.0444,-0.3735,-0.376
Caleb Okoli,Leicester,DEF,1124,-0.0548,-0.1267,0.0263,-0.0548,-0.1268,0.0263,0.0,4.0,0.0433,-0.0247,0.1113,0.7478,-0.2613
Mohammed Kudus,Tottenham,FWD,6734,-0.0549,-0.1907,0.0773,-0.0556,-0.1913,0.0766,0.0007,167.0,-0.0718,-0.2027,0.0557,-0.1509,-0.0749
Curtis Jones,Liverpool,MID,4816,-0.0553,-0.2069,0.0937,-0.0477,-0.1993,0.1013,-0.0076,75.0,-0.0566,-0.2009,0.065,-0.7195,-0.6616
Ivan Toney,Brentford,FWD,1459,-0.0562,-0.1354,0.0297,-0.0467,-0.1259,0.0392,-0.0095,51.0,-0.0359,-0.1033,0.0313,-0.7485,-0.7694
Ilia Gruev,Leeds,MID,1317,-0.0562,-0.1568,0.0407,-0.0557,-0.1562,0.0412,-0.0005,7.0,0.0143,-0.0748,0.0867,-0.3678,-0.7731
Carlos Soler,West Ham,MID,1432,-0.0573,-0.19,0.0626,-0.0545,-0.1872,0.0655,-0.0028,25.0,0.001,-0.107,0.095,-0.0153,-0.4749
Jeffrey Schlupp,Crystal Palace,FWD,1457,-0.0575,-0.136,0.0218,-0.0573,-0.1358,0.022,-0.0002,23.0,-0.0661,-0.16,0.0156,-0.6795,-0.5184
Nathan Aké,Manchester City,DEF,3433,-0.0588,-0.1923,0.104,-0.0571,-0.1907,0.1056,-0.0016,30.0,-0.0308,-0.1503,0.1043,-0.2293,-0.1376
Morgan Rogers,Aston Villa,FWD,7181,-0.0589,-0.2015,0.083,-0.0684,-0.2111,0.0735,0.0096,150.0,0.0297,-0.1025,0.1484,-0.1697,-0.3804
Matthijs de Ligt,Manchester United,DEF,3332,-0.0591,-0.1589,0.0514,-0.0581,-0.1579,0.0523,-0.001,29.0,-0.0066,-0.1117,0.0806,-0.2224,-0.1232
Timothy Castagne,Fulham,DEF,6155,-0.0592,-0.1529,0.0415,-0.0577,-0.1513,0.043,-0.0015,36.0,-0.0147,-0.1201,0.115,0.1066,0.0429
Lewis Miley,Newcastle United,MID,2996,-0.0604,-0.2065,0.0836,-0.0608,-0.2068,0.0833,0.0003,28.0,-0.0257,-0.1407,0.1031,-0.4722,-0.4966
Adam Wharton,Crystal Palace,MID,5291,-0.0612,-0.1785,0.0455,-0.0591,-0.1763,0.0476,-0.0021,55.0,0.0156,-0.117,0.132,0.1611,-0.0114
Oliver Scarles,West Ham,DEF,1322,-0.0618,-0.1721,0.0325,-0.0615,-0.1718,0.0328,-0.0003,6.0,-0.0576,-0.1532,0.0327,-0.2913,-0.1155
Harrison Reed,Fulham,MID,1473,-0.0623,-0.1741,0.0644,-0.0635,-0.1753,0.0633,0.0011,14.0,-0.0366,-0.143,0.0679,-0.2548,-0.481
Jens Cajuste,Ipswich,MID,2025,-0.0628,-0.1692,0.0475,-0.0633,-0.1697,0.0471,0.0004,12.0,0.0022,-0.1008,0.0997,0.4335,0.2294
James Justin,Leeds,DEF,4871,-0.0631,-0.1846,0.0536,-0.0622,-0.1838,0.0545,-0.0008,49.0,0.0159,-0.0877,0.1023,0.6279,0.2507
Joel Ward,Crystal Palace,DEF,2077,-0.0632,-0.1519,0.0258,-0.0626,-0.1513,0.0263,-0.0006,10.0,-0.0361,-0.1017,0.0284,-0.4224,-0.3957
Justin Devenny,Crystal Palace,MID,1252,-0.0632,-0.1925,0.0591,-0.0608,-0.19,0.0615,-0.0025,23.0,-0.0485,-0.1243,0.0297,-0.4636,-0.3803
Tariq Lamptey,Brighton,DEF,1808,-0.0643,-0.1754,0.0511,-0.0653,-0.1764,0.0501,0.001,12.0,-0.1772,-0.3325,-0.0197,-1.0286,-0.3026
Nikola Milenkovic,Nottingham Forest,DEF,6743,-0.0658,-0.1471,0.0441,-0.0657,-0.147,0.0442,-0.0001,44.0,0.0355,-0.0671,0.1465,0.455,-0.1677
Jordan Ayew,Leicester,FWD,4277,-0.0659,-0.1814,0.0267,-0.0668,-0.1823,0.0258,0.0009,81.0,-0.08,-0.2282,0.0619,-0.0959,0.0499
Amari'i Bell,Luton,DEF,1738,-0.0667,-0.169,0.0615,-0.0667,-0.169,0.0616,-0.0,2.0,-0.0164,-0.1048,0.0794,0.5876,0.3428
Josh Cullen,Burnley,MID,3628,-0.0669,-0.1477,0.0193,-0.0709,-0.1517,0.0153,0.004,27.0,-0.0165,-0.1037,0.0759,0.2578,0.076
Rayan,Bournemouth,FWD,1150,-0.0669,-0.1379,0.0095,-0.0744,-0.1454,0.002,0.0075,28.0,0.0655,0.0032,0.1178,0.587,-0.2592
Thiago,Brentford,FWD,3469,-0.0679,-0.1509,0.014,-0.0636,-0.1466,0.0182,-0.0042,86.0,-0.0125,-0.0937,0.0605,0.0388,-0.1249
Sergio Reguilón,Tottenham,DEF,1736,-0.0685,-0.1831,0.0573,-0.0664,-0.181,0.0594,-0.0021,19.0,-0.0881,-0.1936,0.0305,-0.476,-0.3395
Florian Wirtz,Liverpool,MID,2437,-0.0686,-0.1783,0.0357,-0.0637,-0.1734,0.0405,-0.0048,51.0,0.0158,-0.0758,0.1097,-0.8004,-1.0865
Lucas Bergvall,Tottenham,MID,2162,-0.0686,-0.1794,0.0634,-0.0673,-0.1781,0.0648,-0.0014,23.0,-0.0084,-0.1285,0.1165,-0.0856,-0.1272
Oliver Skipp,Leicester,MID,1781,-0.0691,-0.2077,0.0678,-0.0686,-0.2072,0.0683,-0.0005,9.0,-0.0431,-0.1758,0.0757,0.0516,-0.126
Romeo Lavia,Chelsea,MID,1232,-0.0693,-0.1954,0.0554,-0.0691,-0.1952,0.0556,-0.0002,5.0,-0.0987,-0.2212,0.0205,-0.9031,-0.8197
Odsonne Edouard,Crystal Palace,FWD,1681,-0.0694,-0.1712,0.026,-0.0659,-0.1677,0.0295,-0.0035,56.0,-0.1492,-0.2693,-0.0226,-0.8088,-0.2585
Valentino Livramento,Newcastle United,DEF,5490,-0.0695,-0.2173,0.098,-0.0694,-0.2172,0.0982,-0.0001,13.0,0.0178,-0.1392,0.1472,0.1644,-0.0783
Sean Longstaff,Leeds,MID,4542,-0.0695,-0.208,0.0877,-0.0685,-0.2069,0.0888,-0.0011,63.0,-0.0354,-0.1703,0.1004,0.0593,-0.0086
Joe Willock,Newcastle United,MID,2464,-0.0701,-0.2112,0.0674,-0.0636,-0.2047,0.074,-0.0066,42.0,-0.0726,-0.2074,0.0662,-0.5757,-0.4757
Tim Ream,Fulham,DEF,1526,-0.0715,-0.1651,0.023,-0.0715,-0.1651,0.023,0.0,1.0,-0.0749,-0.1463,0.0059,-0.313,-0.4362
James Trafford,Manchester City,GK,2902,-0.0724,-0.1495,0.0098,-0.0724,-0.1495,0.0098,0.0,,-0.1563,-0.251,-0.0498,-0.5289,0.044
Orel Mangala,Everton,MID,2869,-0.0736,-0.1845,0.0252,-0.0742,-0.1851,0.0246,0.0006,26.0,-0.0466,-0.1576,0.056,-0.3654,-0.1809
Ethan Pinnock,Brentford,DEF,4799,-0.0737,-0.1985,0.0438,-0.0735,-0.1983,0.044,-0.0002,30.0,-0.0233,-0.1364,0.0861,-0.0837,-0.1668
André Onana,Manchester United,GK,6530,-0.0744,-0.1493,0.0092,-0.0744,-0.1493,0.0092,0.0,,-0.0292,-0.1083,0.0542,-0.4513,-0.7523
Ashley Young,Everton,DEF,4158,-0.0749,-0.1859,0.0497,-0.0751,-0.1861,0.0495,0.0002,19.0,-0.0515,-0.1716,0.0751,-0.0567,0.0003
Douglas Luiz,Aston Villa,MID,4008,-0.0751,-0.1768,0.0391,-0.0781,-0.1798,0.0361,0.003,59.0,-0.1337,-0.2596,0.0021,-0.3534,-0.0788
Christian Nørgaard,Arsenal,MID,5551,-0.0755,-0.2021,0.059,-0.0726,-0.1992,0.0619,-0.0029,77.0,-0.0698,-0.1555,0.0362,-0.3009,-0.044
Matt O'Riley,Brighton,MID,1137,-0.0762,-0.1813,0.0452,-0.0734,-0.1785,0.048,-0.0028,26.0,-0.1151,-0.227,0.0105,-0.5923,0.0619
Sam Morsy,Ipswich,MID,2782,-0.077,-0.1528,-0.0035,-0.0783,-0.1541,-0.0048,0.0013,13.0,-0.0773,-0.169,0.0042,-0.1466,0.2478
Bashir Humphreys,Burnley,DEF,1597,-0.0778,-0.1485,0.0221,-0.0773,-0.148,0.0226,-0.0005,9.0,-0.0696,-0.132,-0.0023,0.0099,-0.2442
Luca Koleosho,Burnley,MID,1016,-0.0782,-0.1524,0.0051,-0.0741,-0.1483,0.0092,-0.0041,23.0,-0.0364,-0.1217,0.051,0.0936,0.3588
Wilson Isidor,Sunderland,FWD,1159,-0.0798,-0.1521,-0.0074,-0.0811,-0.1534,-0.0087,0.0014,43.0,0.0199,-0.0404,0.0818,0.0016,-0.2327
Philip Billing,Bournemouth,MID,1531,-0.0801,-0.2055,0.048,-0.0761,-0.2015,0.052,-0.004,35.0,-0.1084,-0.2049,-0.016,-1.0656,-0.8817
Scott McTominay,Manchester United,MID,1899,-0.0804,-0.166,0.044,-0.0806,-0.1662,0.0438,0.0002,45.0,-0.0089,-0.126,0.1192,-0.1434,-0.5984
Sofyan Amrabat,Manchester United,MID,932,-0.0806,-0.1684,0.0066,-0.0805,-0.1684,0.0067,-0.0001,3.0,-0.1163,-0.2023,-0.0192,-1.0318,-0.9245
Arijanet Muric,Ipswich,GK,2539,-0.0809,-0.1846,0.0148,-0.0809,-0.1846,0.0148,0.0,,0.0267,-0.0704,0.1142,0.704,0.3041
Hugo Bueno,Wolverhampton Wanderers,MID,3086,-0.0819,-0.162,0.0017,-0.0817,-0.1618,0.0019,-0.0002,21.0,-0.0705,-0.1726,0.0235,-0.4084,-0.432
Dwight McNeil,Everton,MID,5502,-0.0822,-0.2076,0.0393,-0.0832,-0.2087,0.0382,0.0011,105.0,0.0077,-0.1125,0.1306,0.0879,-0.0532
Nathaniel Clyne,Crystal Palace,DEF,2455,-0.0822,-0.1932,0.055,-0.0818,-0.1929,0.0553,-0.0003,9.0,0.045,-0.0722,0.1605,0.1735,-0.3352
Emiliano Buendía,Aston Villa,FWD,1842,-0.0839,-0.2195,0.056,-0.0895,-0.225,0.0505,0.0056,54.0,-0.0954,-0.2025,0.0203,-0.5449,-0.3815
Jacob Greaves,Ipswich,DEF,2227,-0.0854,-0.1723,0.0095,-0.0852,-0.172,0.0097,-0.0002,10.0,-0.0907,-0.1882,0.0028,-0.4888,-0.1386
Eli Junior Kroupi,Bournemouth,MID,1715,-0.0859,-0.1872,0.0247,-0.098,-0.1992,0.0126,0.0121,52.0,0.0601,-0.0175,0.1362,0.3462,-0.1447
James McAtee,Nottingham Forest,MID,2475,-0.086,-0.2492,0.0676,-0.086,-0.2492,0.0675,0.0001,42.0,-0.2244,-0.3823,-0.0611,-0.7735,0.0682
Clement Lenglet,Aston Villa,DEF,1176,-0.0869,-0.1685,0.0013,-0.0862,-0.1678,0.0019,-0.0007,7.0,-0.0961,-0.1898,0.0149,-0.7165,-0.3417
João Palhinha,Tottenham,MID,4960,-0.087,-0.1962,0.038,-0.0917,-0.2008,0.0334,0.0047,77.0,-0.0398,-0.1589,0.092,-0.2338,-0.3958
Jack Clarke,Ipswich,FWD,1165,-0.0896,-0.2059,0.0342,-0.0869,-0.2031,0.037,-0.0027,17.0,-0.0727,-0.1723,0.0515,-0.2863,-0.0557
Louis Beyer,Burnley,DEF,1259,-0.0905,-0.1537,-0.0201,-0.0903,-0.1535,-0.0199,-0.0002,5.0,0.0057,-0.0922,0.0985,0.3068,0.2157
Quilindschy Hartman,Burnley,DEF,1854,-0.0906,-0.1704,-0.0139,-0.0901,-0.17,-0.0135,-0.0005,9.0,-0.0791,-0.1566,-0.0137,-0.2727,-0.3332
Joe Worrall,Burnley,DEF,928,-0.0909,-0.1808,-0.0117,-0.0908,-0.1807,-0.0116,-0.0001,3.0,0.0062,-0.0812,0.0864,0.1676,-0.4969
Thomas Partey,Arsenal,MID,3624,-0.091,-0.1968,0.0249,-0.0927,-0.1985,0.0232,0.0017,34.0,-0.0282,-0.1353,0.1021,-0.4382,-0.5977
Jackson Tchatchoua,Wolverhampton Wanderers,MID,1840,-0.0921,-0.1803,0.0219,-0.092,-0.1802,0.022,-0.0,3.0,-0.0347,-0.1228,0.0574,-0.3793,-0.3268
Tim Iroegbunam,Everton,MID,2185,-0.0922,-0.2124,0.0219,-0.091,-0.2112,0.0231,-0.0012,17.0,-0.0097,-0.136,0.1155,-0.3288,-0.5634
Lyle Foster,Burnley,FWD,3334,-0.0936,-0.1917,0.0016,-0.0921,-0.1902,0.0031,-0.0015,54.0,-0.093,-0.1905,0.0232,-0.1687,-0.0177
Myles Lewis-Skelly,Arsenal,DEF,2049,-0.0942,-0.2267,0.025,-0.0944,-0.2269,0.0248,0.0002,5.0,-0.0308,-0.1181,0.065,-0.3815,-0.3661
Mads Hermansen,West Ham,GK,4044,-0.0951,-0.1964,0.0224,-0.0951,-0.1964,0.0224,0.0,,-0.0962,-0.2159,0.0286,-0.2151,-0.2161
Andros Townsend,Luton,MID,1220,-0.0951,-0.2103,0.0214,-0.0937,-0.209,0.0227,-0.0013,20.0,0.0452,-0.0531,0.1378,0.4193,-0.466
Anthony Gordon,Newcastle United,FWD,7342,-0.0959,-0.2295,0.0504,-0.0826,-0.2162,0.0637,-0.0133,188.0,0.035,-0.1121,0.1641,-0.0344,-0.067
Alfie Doughty,Luton,MID,2996,-0.0965,-0.1882,-0.0087,-0.0967,-0.1884,-0.0089,0.0002,26.0,-0.0709,-0.1456,-0.0006,0.1523,0.5396
Josh Laurent,Burnley,DEF,1739,-0.0965,-0.1781,0.0144,-0.0964,-0.178,0.0144,-0.0001,15.0,-0.0735,-0.1614,0.0071,-0.3005,-0.3739
Evann Guessand,Crystal Palace,FWD,925,-0.0976,-0.1806,-0.0105,-0.0968,-0.1798,-0.0097,-0.0008,11.0,-0.0329,-0.1217,0.0449,-0.1429,-0.4413
Simon Adingra,Sunderland,FWD,4028,-0.0981,-0.2273,0.0439,-0.0992,-0.2285,0.0428,0.0011,92.0,-0.0719,-0.1969,0.067,-0.3248,-0.3229
Thierno Barry,Everton,FWD,1935,-0.0981,-0.1824,-0.0031,-0.0966,-0.1808,-0.0016,-0.0016,38.0,-0.0212,-0.1251,0.081,-0.2864,-0.5442
Teden Mengi,Luton,DEF,2485,-0.0982,-0.2206,0.0284,-0.0985,-0.2208,0.0282,0.0002,11.0,-0.0209,-0.1136,0.0604,0.3598,-0.1678
Leif Davis,Ipswich,DEF,2777,-0.0989,-0.1829,-0.0111,-0.0991,-0.1831,-0.0113,0.0002,16.0,-0.116,-0.2023,-0.0291,-0.3237,0.5558
Milos Kerkez,Liverpool,DEF,7664,-0.0991,-0.2215,0.0357,-0.0993,-0.2216,0.0355,0.0001,44.0,-0.0693,-0.1722,0.0482,-0.4919,-0.4146
Bafode Diakite,Bournemouth,DEF,1287,-0.1028,-0.1945,0.0012,-0.1028,-0.1945,0.0012,-0.0,1.0,-0.1026,-0.1817,-0.0217,-0.509,-0.4103
Bilal El Khannouss,Leicester,MID,2252,-0.1048,-0.1963,-0.0064,-0.1062,-0.1977,-0.0078,0.0014,30.0,-0.1731,-0.2961,-0.0613,-0.8442,-0.0251
Álex Moreno,Nottingham Forest,DEF,2026,-0.1062,-0.2129,0.0007,-0.1065,-0.2131,0.0004,0.0002,14.0,-0.0501,-0.1702,0.0592,-0.1008,-0.0917
Sam Johnstone,Wolverhampton Wanderers,GK,3539,-0.1063,-0.2025,-0.0035,-0.1063,-0.2025,-0.0035,0.0,,-0.1334,-0.2165,-0.0427,-0.5888,-0.3156
Martin Dubravka,Burnley,GK,6085,-0.1086,-0.2175,0.0248,-0.1086,-0.2175,0.0248,0.0,,-0.0946,-0.2259,0.0279,0.054,-0.1397
Armando Broja,Burnley,FWD,1663,-0.1088,-0.2346,0.0091,-0.1036,-0.2294,0.0143,-0.0052,33.0,-0.0475,-0.1558,0.0511,-0.1498,-0.2319
Jean-Ricner Bellegarde,Wolverhampton Wanderers,MID,3929,-0.1095,-0.2281,0.0077,-0.1115,-0.2301,0.0056,0.002,58.0,-0.1516,-0.2666,-0.0252,-0.4816,-0.172
Max Aarons,Bournemouth,DEF,1309,-0.1097,-0.1907,-0.024,-0.1096,-0.1907,-0.024,-0.0,2.0,-0.1417,-0.238,-0.0486,-1.6042,-1.1819
Stephy Mavididi,Leicester,FWD,1600,-0.1102,-0.2223,0.0207,-0.1112,-0.2233,0.0197,0.001,26.0,-0.0239,-0.1252,0.089,0.1864,-0.1779
Tyrick Mitchell,Crystal Palace,MID,9674,-0.1117,-0.1938,-0.0276,-0.1106,-0.1927,-0.0265,-0.0011,43.0,-0.0574,-0.1469,0.0275,-0.2458,-0.4562
Florentino Luís,Burnley,MID,2154,-0.1119,-0.1912,-0.0285,-0.1108,-0.1901,-0.0274,-0.0011,13.0,-0.0802,-0.1657,0.0003,-0.1755,-0.471
Jhon Durán,Aston Villa,FWD,980,-0.1131,-0.223,0.0057,-0.136,-0.2459,-0.0172,0.0229,51.0,-0.0106,-0.1559,0.1453,-0.3803,-0.7957
Brennan Johnson,Crystal Palace,FWD,6279,-0.1145,-0.2264,0.0244,-0.1017,-0.2136,0.0372,-0.0128,130.0,0.0766,-0.0886,0.2501,0.319,-0.0729
Lloyd Kelly,Newcastle United,DEF,1882,-0.1164,-0.2375,0.0231,-0.1161,-0.2373,0.0234,-0.0003,7.0,-0.1553,-0.2618,-0.0305,-0.8479,-0.4617
James Bree,Southampton,DEF,1084,-0.1194,-0.2194,-0.0054,-0.1192,-0.2192,-0.0053,-0.0001,4.0,-0.0787,-0.1569,-0.0034,-0.5004,-0.7146
Lukasz Fabianski,West Ham,GK,1878,-0.1197,-0.2085,-0.0266,-0.1197,-0.2085,-0.0266,0.0,,-0.0972,-0.2323,0.028,-0.357,-0.4084
Mario Lemina,Wolverhampton Wanderers,MID,4400,-0.1209,-0.2314,0.0031,-0.1194,-0.2299,0.0046,-0.0016,65.0,-0.1241,-0.2209,-0.0122,0.0423,-0.16
Diego Carlos,Aston Villa,DEF,2638,-0.1225,-0.2322,-0.0136,-0.1213,-0.231,-0.0123,-0.0013,13.0,-0.075,-0.1685,0.0383,-0.3846,-0.392
Marvelous Nakamba,Luton,MID,1148,-0.1246,-0.1917,-0.0385,-0.1244,-0.1915,-0.0382,-0.0002,5.0,-0.0805,-0.1457,-0.0062,-0.3544,-0.335
Alejandro Garnacho,Chelsea,FWD,6099,-0.1281,-0.2782,0.0212,-0.0985,-0.2486,0.0508,-0.0296,217.0,0.005,-0.1342,0.1297,-0.2167,-0.4726
Lewis Dunk,Brighton,DEF,7866,-0.1295,-0.2312,-0.0146,-0.1279,-0.2296,-0.013,-0.0016,69.0,-0.1304,-0.2539,-0.0055,-0.6489,-0.5088
Keane Lewis-Potter,Brentford,DEF,6560,-0.1299,-0.2448,-0.0014,-0.119,-0.234,0.0095,-0.0109,102.0,-0.0648,-0.1916,0.0752,-0.1088,-0.213
Vinicius Souza,Sheffield United,MID,2695,-0.1314,-0.2118,-0.0325,-0.1321,-0.2125,-0.0332,0.0007,14.0,-0.1286,-0.2472,-0.0079,-0.1612,-0.4707
Zeki Amdouni,Burnley,FWD,2086,-0.133,-0.2292,-0.0309,-0.1296,-0.2258,-0.0274,-0.0034,52.0,-0.0657,-0.1713,0.0338,-0.1001,0.1478
Carlton Morris,Luton,FWD,2901,-0.1332,-0.217,-0.0449,-0.1302,-0.2141,-0.0419,-0.003,72.0,-0.1305,-0.2091,-0.0316,-0.8285,0.2081
Anel Ahmedhodzic,Sheffield United,DEF,2665,-0.1342,-0.2342,-0.0303,-0.1333,-0.2333,-0.0295,-0.0009,19.0,-0.2004,-0.3129,-0.0802,-0.8416,-0.01
Victor Kristiansen,Leicester,DEF,2529,-0.1347,-0.2372,-0.0327,-0.1346,-0.2372,-0.0326,-0.0,3.0,-0.1754,-0.2648,-0.0736,-1.1406,-0.2289
Kamaldeen Sulemana,Southampton,FWD,1414,-0.1353,-0.2418,0.0008,-0.1333,-0.2399,0.0028,-0.002,29.0,-0.0827,-0.1876,0.0178,-0.1497,-0.5281
Maxim De Cuyper,Brighton,DEF,1422,-0.1356,-0.2211,-0.0272,-0.1358,-0.2213,-0.0274,0.0002,13.0,-0.072,-0.191,0.037,-0.2807,-0.331
João Gomes,Wolverhampton Wanderers,MID,8618,-0.1358,-0.2575,-0.0239,-0.1359,-0.2576,-0.0239,0.0,79.0,-0.1042,-0.201,0.0083,-0.0543,-0.3699
Tahith Chong,Luton,MID,1992,-0.136,-0.2753,0.0025,-0.1369,-0.2763,0.0015,0.001,30.0,-0.1474,-0.2425,-0.0308,-0.9562,-0.2983
Kevin,Fulham,FWD,1016,-0.1368,-0.2403,-0.0336,-0.1353,-0.2388,-0.0321,-0.0015,25.0,-0.0366,-0.1341,0.0498,-0.0017,-0.2258
Naif Aguerd,West Ham,DEF,2067,-0.1379,-0.2334,-0.012,-0.1373,-0.2327,-0.0114,-0.0007,16.0,-0.2412,-0.3466,-0.0965,-0.8273,-0.3294
Abdoulaye Doucouré,Everton,MID,5319,-0.1385,-0.2786,-0.0074,-0.1335,-0.2736,-0.0024,-0.005,78.0,-0.0326,-0.1474,0.0824,-0.0268,-0.0581
Emerson,Tottenham,DEF,1157,-0.141,-0.2489,-0.0201,-0.1423,-0.2503,-0.0214,0.0013,6.0,-0.102,-0.2136,0.0187,-0.73,-0.8721
Tyler Dibling,Everton,FWD,2217,-0.1417,-0.2697,0.0017,-0.1391,-0.2671,0.0042,-0.0026,32.0,-0.0914,-0.2101,0.0227,-0.0101,-0.2308
Pelly Ruddock Mpanzu,Luton,MID,1081,-0.1488,-0.2505,-0.0357,-0.1464,-0.2481,-0.0333,-0.0023,11.0,-0.0642,-0.1707,0.038,-0.4435,-0.6966
Wilfred Ndidi,Leicester,MID,2382,-0.1502,-0.2365,-0.0568,-0.1478,-0.2341,-0.0544,-0.0024,22.0,-0.0025,-0.0975,0.088,0.9042,-0.329
Cameron Archer,Southampton,FWD,3302,-0.1506,-0.2626,-0.0131,-0.1387,-0.2508,-0.0013,-0.0118,70.0,-0.0737,-0.2224,0.0617,0.5979,0.2115
Ilkay Gündogan,Manchester City,MID,2244,-0.151,-0.2761,0.0061,-0.1481,-0.2732,0.009,-0.0029,27.0,0.035,-0.1039,0.1805,-0.2898,-0.7393
Jaidon Anthony,Burnley,MID,2945,-0.1545,-0.2537,-0.06,-0.1598,-0.259,-0.0652,0.0053,57.0,-0.076,-0.176,0.0008,-0.1486,-0.5066
Aaron Wan-Bissaka,West Ham,DEF,7078,-0.1551,-0.2645,-0.0375,-0.1552,-0.2647,-0.0377,0.0002,19.0,-0.0946,-0.2137,0.0206,-0.2377,-0.2449
Edson Álvarez,West Ham,MID,4199,-0.1558,-0.2779,-0.0348,-0.155,-0.2771,-0.034,-0.0008,29.0,0.0286,-0.1035,0.1591,0.1773,-0.2851
Dara O'Shea,Ipswich,DEF,6075,-0.1587,-0.2421,-0.076,-0.1593,-0.2427,-0.0766,0.0006,41.0,-0.159,-0.2451,-0.0678,0.1216,0.6145
Issa Diop,Fulham,DEF,3611,-0.1611,-0.27,-0.039,-0.161,-0.2699,-0.039,-0.0001,12.0,-0.0556,-0.1587,0.0595,-0.3641,-0.629
Santiago Bueno,Wolverhampton Wanderers,DEF,5081,-0.1631,-0.2488,-0.0408,-0.1634,-0.249,-0.041,0.0002,16.0,-0.0567,-0.1682,0.0562,-0.144,-0.2157
Jamie Vardy,Leicester,FWD,2906,-0.1637,-0.2673,-0.0828,-0.159,-0.2626,-0.0781,-0.0047,58.0,-0.1274,-0.2143,-0.0462,-0.0871,-0.16
Yves Bissouma,Tottenham,MID,4167,-0.1641,-0.288,-0.0329,-0.1644,-0.2883,-0.0333,0.0003,40.0,0.0161,-0.1227,0.1532,0.1733,-0.2683
Aaron Ramsdale,Newcastle United,GK,4276,-0.1649,-0.2837,-0.0357,-0.1649,-0.2837,-0.0357,0.0,,-0.1261,-0.232,-0.018,0.1105,-0.0273
Max Kilman,West Ham,DEF,8380,-0.1664,-0.2664,-0.0374,-0.1649,-0.2649,-0.0359,-0.0015,34.0,-0.1475,-0.2672,-0.0297,-0.0785,-0.1584
Jefferson Lerma,Crystal Palace,MID,6431,-0.1666,-0.2831,-0.0404,-0.1577,-0.2741,-0.0314,-0.009,79.0,-0.1493,-0.2498,-0.0189,-0.5238,-0.4448
Tom Lockyer,Luton,DEF,1191,-0.1706,-0.2309,-0.0826,-0.1703,-0.2306,-0.0823,-0.0003,7.0,-0.0537,-0.1121,0.0107,-0.0698,-0.5721
Thomas Kaminski,Luton,GK,3438,-0.1706,-0.224,-0.1049,-0.1706,-0.224,-0.1049,0.0,,-0.0976,-0.1436,-0.0454,-0.8639,-0.3642
Pape Sarr,Tottenham,MID,5444,-0.174,-0.3354,0.0015,-0.1706,-0.3319,0.005,-0.0035,87.0,0.0401,-0.114,0.1901,0.2589,-0.3833
Archie Gray,Tottenham,MID,3250,-0.1746,-0.2983,-0.0505,-0.1748,-0.2985,-0.0507,0.0002,12.0,-0.1454,-0.2568,-0.0217,-0.9665,-0.777
Wes Burns,Ipswich,FWD,965,-0.1768,-0.3014,-0.0538,-0.1763,-0.301,-0.0533,-0.0005,7.0,-0.0859,-0.1965,0.019,-0.5339,-0.6094
Wes Foderingham,Sheffield United,GK,2666,-0.1791,-0.2507,-0.0865,-0.1791,-0.2507,-0.0865,0.0,,-0.1687,-0.2637,-0.0648,-0.2434,-0.5957
Adam Armstrong,Wolverhampton Wanderers,FWD,2465,-0.1808,-0.3011,-0.0619,-0.1761,-0.2964,-0.0572,-0.0047,44.0,-0.1297,-0.2529,-0.0077,-0.4452,-0.298
Marcus Rashford,Aston Villa,FWD,3747,-0.1826,-0.3155,-0.0282,-0.1834,-0.3163,-0.029,0.0008,97.0,0.0304,-0.1069,0.156,0.035,-0.5291
Manuel Ugarte,Manchester United,MID,2666,-0.1861,-0.2997,-0.0301,-0.1842,-0.2978,-0.0283,-0.0019,32.0,-0.163,-0.2638,-0.0542,-1.0038,-0.5853
Eddie Nketiah,Crystal Palace,FWD,2449,-0.1876,-0.2981,-0.0411,-0.1739,-0.2843,-0.0273,-0.0138,96.0,-0.066,-0.1861,0.0506,-0.2062,-0.2144
Wout Faes,Leicester,DEF,2829,-0.1895,-0.2923,-0.078,-0.1893,-0.2921,-0.0778,-0.0002,12.0,-0.0737,-0.165,0.0218,0.4413,-0.3845
Ben Johnson,Ipswich,DEF,1853,-0.1918,-0.3163,-0.0352,-0.1913,-0.3158,-0.0348,-0.0005,13.0,-0.0387,-0.1771,0.1066,-0.3742,-0.8839
Estupiñán,Brighton,DEF,3671,-0.1938,-0.3112,-0.0501,-0.195,-0.3124,-0.0513,0.0012,39.0,-0.0445,-0.1714,0.0928,-0.119,-0.3068
Gabriel Osho,Luton,DEF,1865,-0.2091,-0.3063,-0.0671,-0.2095,-0.3067,-0.0675,0.0004,10.0,-0.0674,-0.1413,0.0167,0.1938,-0.2375
Chimuanya Ugochukwu,Burnley,MID,4407,-0.211,-0.3503,-0.0919,-0.2115,-0.3508,-0.0923,0.0004,32.0,-0.1369,-0.2598,-0.0062,0.1147,-0.3224
Jacob Brown,Luton,MID,1037,-0.2143,-0.3287,-0.0941,-0.2114,-0.3258,-0.0912,-0.0029,25.0,-0.0566,-0.1363,0.0212,-0.1338,-0.7818
Joe Ayodele-Aribo,Southampton,MID,2034,-0.2201,-0.3537,-0.0822,-0.2201,-0.3538,-0.0823,0.0001,17.0,-0.1246,-0.23,-0.003,-0.3881,-0.7321
Michael Keane,Everton,DEF,4094,-0.2206,-0.3323,-0.0968,-0.222,-0.3337,-0.0982,0.0014,42.0,-0.2242,-0.349,-0.095,-0.8612,-0.787
Harry Wilson,Fulham,FWD,5508,-0.2326,-0.346,-0.0876,-0.2587,-0.3721,-0.1137,0.0261,160.0,-0.0759,-0.1967,0.0629,-0.0935,-0.4619
Luke Thomas,Leicester,DEF,2079,-0.2371,-0.3544,-0.0947,-0.2365,-0.3538,-0.094,-0.0007,11.0,-0.1391,-0.2519,-0.0092,-0.3392,-0.7219
Kyle Walker-Peters,West Ham,DEF,4328,-0.2599,-0.3786,-0.1225,-0.2585,-0.3772,-0.1211,-0.0013,25.0,-0.1988,-0.314,-0.0814,-0.3853,-0.6033
Oliver Norwood,Sheffield United,MID,1428,-0.2648,-0.3447,-0.1629,-0.2649,-0.3447,-0.1629,0.0,15.0,-0.1322,-0.254,-0.0099,-0.4751,-1.1165
William Osula,Newcastle United,FWD,1672,-0.2678,-0.3852,-0.1274,-0.2695,-0.387,-0.1291,0.0017,48.0,-0.1463,-0.2681,-0.033,-0.6715,-0.9724
